Player ,Grade,Position,Team,Year ,ConfStanding,c,po,a,e,fp,dp,sba,csb,sbap,pb,ci,GoldGlove
Aramovich,Fr,P,ASU,2013,7,11,1,8,2,0.818,0,13,2,0.867,0,0,No
Bollig,Fr,INF,ASU,2013,7,111,40,53,18,0.838,12,0,0,0,0,0,No
English,Fr,P,ASU,2013,7,10,1,8,1,0.9,1,17,6,0.739,0,0,No
Granzella,Fr,OF,ASU,2013,7,109,102,0,7,0.936,0,0,0,0,0,0,No
Jones,Fr,OF,ASU,2013,7,3,3,0,0,1,0,0,0,0,0,0,No
Moldenhauer,Fr,C,ASU,2013,7,46,43,3,0,1,0,21,1,0.955,2,0,No
Morley,Fr,OF,ASU,2013,7,92,87,1,4,0.957,0,0,0,0,0,0,No
Nutsch,Fr,INF,ASU,2013,7,27,8,16,3,0.889,3,1,0,1,0,0,No
Richardson,Fr,P,ASU,2013,7,11,3,8,0,1,1,8,4,0.667,0,0,No
Thurston,Fr,INF,ASU,2013,7,198,77,108,13,0.934,24,0,0,0,0,0,No
Tiernan,Fr,C,ASU,2013,7,67,49,16,2,0.97,0,23,10,0.697,6,0,No
Wells,Fr,INF,ASU,2013,7,155,139,13,3,0.981,11,0,0,0,0,0,No
Wiemers,Fr,P,ASU,2013,7,8,2,6,0,1,0,7,3,0.7,0,0,No
Wilson,Fr,INF,ASU,2013,7,13,3,8,2,0.846,3,0,1,0,0,0,No
Garmendia,Fr,INF,ASU,2014,6,153,37,96,20,0.869,13,0,0,0,0,0,No
Heaton,Fr,OF,ASU,2014,6,3,3,0,0,1,0,0,0,0,0,0,No
Sherry,Fr,P,ASU,2014,6,1,0,1,0,1,0,3,3,0.5,0,0,No
April,Fr,C, ASU ,2015,4,10 ,8 ,1 ,1 ,.900 ,0 ,3 ,0 ,1.000 ,0 ,0 ,No
Garcia,Fr,P, ASU ,2015,4,3 ,2 ,1 ,0 ,1.000 ,0 ,2 ,3 ,.400 ,0 ,0 ,No
Keaton,Fr,INF, ASU ,2015,4,4 ,0 ,3 ,1 ,.750 ,0 ,3 ,1 ,.750 ,0 ,0 ,No
Ryan,Fr,C, ASU ,2016,4,2 ,2 ,0 ,0 ,1.000 ,0 ,0 ,0 ,0 ,0 ,0 ,No
Aker,Fr,P, ASU ,2017,9,4 ,1 ,3 ,0 ,1.000 ,1 ,1 ,0 ,1.000 ,0 ,0 ,No
Brown,Fr,INF, ASU ,2017,9,0 ,0 ,0 ,0 ,.000 ,0 ,0 ,0 ,0 ,0 ,0 ,No
Hildebrandt,Fr,INF, ASU ,2017,9,30 ,13 ,13 ,4 ,.867 ,2 ,0 ,0 ,0 ,0 ,0 ,No
Maldonado,Fr,P, ASU ,2017,9,12 ,10 ,2 ,0 ,1.000 ,1 ,0 ,0 ,0 ,0 ,0 ,No
Ryan,Fr,C, ASU ,2017,9,4 ,4 ,0 ,0 ,1.000 ,0 ,0 ,0 ,0 ,0 ,0 ,No
Batt,Fr,C,CCU,2013,8,106,99,5,2,0.981,1,50,4,0.926,8,0,No
Brandt,Fr,INF,CCU,2013,8,30,6,20,4,0.867,2,0,0,0,0,0,No
Moore,Fr,P,CCU,2013,8,4,1,3,0,1,0,6,3,0.667,0,0,No
Reynolds,Fr,P,CCU,2013,8,1,0,1,0,1,0,3,0,1,0,0,No
Romero,Fr,INF,CCU,2013,8,5,5,0,0,1,0,0,0,0,0,0,No
Atkerson,Fr,P,CCU,2014,8,93,62,27,4,0.957,4,11,7,0.611,0,0,No
Brozovich,Fr,P,CCU,2014,8,55,47,4,4,0.927,1,0,0,0,0,0,No
Dollarhyde,Fr,P,CCU,2014,8,44,10,31,3,0.932,2,5,5,0.5,0,0,No
Graves,Fr,P,CCU,2014,8,7,5,1,1,0.857,0,4,0,1,0,0,No
Hesselberg,Fr,INF,CCU,2014,8,182,80,87,15,0.918,17,0,0,0,0,0,No
McLaughlin,Fr,P,CCU,2014,8,3,1,2,0,1,0,2,0,1,0,0,No
Mitchell,Fr,P,CCU,2014,8,1,1,0,0,1,0,2,0,1,0,0,No
Brenton,Fr,INF, CCU ,2015,8,57 ,27 ,29 ,1 ,.982 ,7 ,0 ,0 ,0 ,0 ,0 ,No
Cantrell,Fr,P, CCU ,2015,8,3 ,1 ,1 ,1 ,.667 ,0 ,3 ,0 ,1.000 ,0 ,0 ,No
Crider,Fr,INF, CCU ,2015,8,23 ,3 ,18 ,2 ,.913 ,0 ,0 ,0 ,0 ,0 ,0 ,No
Fontneau,Fr,P, CCU ,2015,8,0 ,0 ,0 ,0 ,.000 ,0 ,2 ,1 ,.667 ,0 ,0 ,No
Galambos,Fr,INF, CCU ,2015,8,85 ,26 ,49 ,10 ,.882 ,6 ,0 ,0 ,0 ,0 ,0 ,No
Gallegos,Fr,OF, CCU ,2015,8,116 ,113 ,2 ,1 ,.991 ,1 ,0 ,0 ,0 ,0 ,0 ,No
Jorgensen,Fr,P, CCU ,2015,8,2 ,1 ,1 ,0 ,1.000 ,0 ,0 ,0 ,0 ,0 ,0 ,No
Marler,Fr,C, CCU ,2015,8,80 ,72 ,6 ,2 ,.975 ,0 ,43 ,2 ,.956 ,5 ,0 ,No
Richardson,Fr,UT, CCU ,2015,8,31 ,30 ,1 ,0 ,1.000 ,0 ,0 ,0 ,0 ,0 ,0 ,No
Scheffel,Fr,P, CCU ,2015,8,8 ,2 ,6 ,0 ,1.000 ,1 ,1 ,0 ,1.000 ,0 ,0 ,No
Weaver,Fr,P, CCU ,2015,8,13 ,2 ,9 ,2 ,.846 ,1 ,6 ,4 ,.600 ,0 ,0 ,No
Fink,Fr,P, CCU ,2016,8,5 ,1 ,4 ,0 ,1.000 ,1 ,10 ,4 ,.714 ,0 ,0 ,No
Ginn,Fr,P, CCU ,2016,8,2 ,0 ,2 ,0 ,1.000 ,0 ,9 ,3 ,.750 ,0 ,0 ,No
Gooch,Fr,OF, CCU ,2016,8,33 ,32 ,1 ,0 ,1.000 ,0 ,0 ,0 ,0 ,0 ,0 ,No
Graves,Fr,INF, CCU ,2016,8,20 ,3 ,14 ,3 ,.850 ,0 ,9 ,2 ,.818 ,0 ,0 ,No
Gallegos,Fr,OF, CCU ,2017,8,67 ,39 ,20 ,8 ,.881 ,5 ,0 ,0 ,0 ,0 ,0 ,No
Henning,Fr,P, CCU ,2017,8,4 ,1 ,2 ,1 ,.750 ,0 ,0 ,0 ,0 ,0 ,0 ,No
Hunter,Fr,P, CCU ,2017,8,17 ,12 ,3 ,2 ,.882 ,0 ,5 ,0 ,1.000 ,0 ,0 ,No
Rivera,Fr,P, CCU ,2017,8,10 ,0 ,8 ,2 ,.800 ,0 ,6 ,2 ,.750 ,0 ,0 ,No
Allen,Fr,P,CMU,2013,1,1,0,1,0,1,0,0,0,0,0,0,No
Audino,Fr,INF,CMU,2013,1,2,0,1,1,0.5,0,0,0,0,0,0,No
Green,Fr,P,CMU,2013,1,0,0,0,0,0,0,0,0,0,0,0,No
Arrellano,Fr,P,CMU,2014,1,0,0,0,0,0,0,0,0,0,0,0,No
Druce,Fr,C,CMU,2014,1,48,45,2,1,0.979,5,0,0,0,0,0,No
Elcock,Fr,OF,CMU,2014,1,69,21,41,7,0.899,5,0,0,0,0,0,No
Elcock,Fr,INF,CMU,2014,1,6,5,0,1,0.833,0,0,0,0,0,0,No
Gonzalez,Fr,OF,CMU,2014,1,7,6,1,0,1,1,0,0,0,0,0,No
Serrano,Fr,C,CMU,2014,1,52,47,5,0,1,0,0,2,0,0,0,No
Ball,Fr,INF, CMU ,2015,1,1 ,0 ,1 ,0 ,1.000 ,0 ,0 ,0 ,0 ,0 ,0 ,No
Cardinale,Fr,P, CMU ,2015,1,13 ,3 ,9 ,1 ,.923 ,1 ,13 ,4 ,.765 ,0 ,0 ,No
Johnson,Fr,INF, CMU ,2015,1,2 ,1 ,1 ,0 ,1.000 ,0 ,2 ,0 ,1.000 ,0 ,0 ,No
Madris,Fr,OF, CMU ,2015,1,201 ,194 ,3 ,4 ,.980 ,17 ,0 ,1 ,.000 ,0 ,0 ,No
McLeod,Fr,INF, CMU ,2015,1,183 ,43 ,129 ,11 ,.940 ,31 ,0 ,0 ,0 ,0 ,0 ,No
Prokopis,Fr,P, CMU ,2015,1,2 ,2 ,0 ,0 ,1.000 ,0 ,1 ,0 ,1.000 ,0 ,0 ,No
Sandoval,Fr,P, CMU ,2015,1,3 ,1 ,1 ,1 ,.667 ,0 ,0 ,0 ,0 ,0 ,0 ,No
Volger,Fr,INF, CMU ,2015,1,4 ,0 ,4 ,0 ,1.000 ,0 ,0 ,0 ,0 ,0 ,0 ,No
Walker,Fr,P, CMU ,2015,1,0 ,0 ,0 ,0 ,.000 ,0 ,0 ,0 ,0 ,0 ,0 ,No
Woods,Fr,INF, CMU ,2015,1,0 ,0 ,0 ,0 ,.000 ,0 ,0 ,0 ,0 ,0 ,0 ,No
Beaudrie,Fr,P, CMU ,2016,1,7 ,4 ,3 ,0 ,1.000 ,2 ,0 ,1 ,.000 ,0 ,0 ,No
Dixon,Fr,INF, CMU ,2016,1,21 ,20 ,1 ,0 ,1.000 ,3 ,0 ,0 ,0 ,0 ,0 ,No
Landis,Fr,P, CMU ,2016,1,1 ,0 ,1 ,0 ,1.000 ,0 ,0 ,1 ,.000 ,0 ,0 ,No
Leahy,Fr,P, CMU ,2016,1,2 ,1 ,1 ,0 ,1.000 ,0 ,1 ,0 ,1.000 ,0 ,0 ,No
McDermott,Fr,P, CMU ,2016,1,14 ,3 ,10 ,1 ,.929 ,0 ,1 ,3 ,.250 ,0 ,0 ,No
Rempel,Fr,C, CMU ,2016,1,27 ,27 ,0 ,0 ,1.000 ,4 ,0 ,0 ,0 ,1 ,0 ,No
Dye,Fr,P, CMU ,2017,1,3 ,2 ,1 ,0 ,1.000 ,0 ,1 ,0 ,1.000 ,0 ,0 ,No
Reynolds,Fr,OF, CMU ,2017,1,49 ,12 ,32 ,5 ,.898 ,3 ,0 ,0 ,0 ,0 ,0 ,No
Bevan,Fr,INF,CSM,2013,5,13,3,9,1,0.923,1,0,0,0,0,0,No
Fraley,Fr,INF,CSM,2013,5,0,0,0,0,0,0,0,0,0,0,0,No
Kovach,Fr,P,CSM,2013,5,1,1,0,0,1,0,0,0,0,0,0,No
Lopez,Fr,OF,CSM,2013,5,8,8,0,0,1,0,0,0,0,0,0,No
Martin,Fr,P,CSM,2013,5,0,0,0,0,0,0,1,0,1,0,0,No
Olinger,Fr,UT,CSM,2013,5,187,177,7,3,0.984,10,0,1,0,0,0,No
Ramos,Fr,INF,CSM,2013,5,163,48,103,12,0.926,17,0,0,0,0,0,No
Rooney,Fr,P,CSM,2013,5,20,2,16,2,0.9,0,5,4,0.556,0,0,No
Rodgers,Fr,P,CSM,2013,5,1,0,1,0,1,0,1,0,1,0,0,No
Stevens,Fr,INF,CSM,2013,5,11,7,3,1,0.909,0,0,0,0,0,0,No
Tanner,Fr,P,CSM,2013,5,3,2,1,0,1,0,1,0,1,0,0,No
Vitulli,Fr,P,CSM,2013,5,6,1,4,1,0.833,0,13,1,0.929,0,0,No
Lambert,Fr,P,CSM,2014,4,7,6,0,1,0.857,0,0,0,0,0,0,No
MacDonald,Fr,P,CSM,2014,4,1,0,1,0,1,0,0,0,0,0,0,No
Marvel,Fr,OF,CSM,2014,4,93,91,1,1,0.989,0,0,0,0,0,0,No
Phillips,Fr,P,CSM,2014,4,1,1,0,0,1,0,0,0,0,0,0,No
Smith,Fr,INF,CSM,2014,4,201,71,117,13,0.935,31,0,0,0,0,0,No
Smythe,Fr,P,CSM,2014,4,5,1,4,0,1,0,1,1,0.5,0,0,No
Valerio,Fr,P,CSM,2014,4,8,1,7,0,1,0,2,4,0.333,0,0,No
Burman,Fr,OF, CSM ,2015,6,35 ,19 ,12 ,4 ,.886 ,1 ,0 ,0 ,0 ,0 ,0 ,No
Englehart,Fr,P, CSM ,2015,6,5 ,3 ,2 ,0 ,1.000 ,0 ,1 ,3 ,.250 ,0 ,0 ,No
Jones,Fr,C, CSM ,2015,6,103 ,91 ,9 ,3 ,.971 ,0 ,15 ,5 ,.750 ,1 ,1 ,No
Martin,Fr,P, CSM ,2015,6,4 ,1 ,2 ,1 ,.750 ,0 ,3 ,3 ,.500 ,0 ,0 ,No
Maxey,Fr,OF, CSM ,2015,6,11 ,6 ,4 ,1 ,.909 ,0 ,0 ,0 ,0 ,0 ,0 ,No
Moxley,Fr,C, CSM ,2015,6,0 ,0 ,0 ,0 ,.000 ,0 ,0 ,0 ,0 ,0 ,0 ,No
Reed,Fr,P, CSM ,2015,6,1 ,0 ,1 ,0 ,1.000 ,0 ,0 ,1 ,.000 ,0 ,0 ,No
Ciraula,Fr,INF, CSM ,2016,2,145 ,48 ,90 ,7 ,.952 ,27 ,0 ,0 ,0 ,0 ,0 ,No
Gangwish,Fr,C, CSM ,2016,2,89 ,69 ,15 ,5 ,.944 ,0 ,12 ,4 ,.750 ,4 ,2 ,No
Millar,Fr,P, CSM ,2016,2,1 ,1 ,0 ,0 ,1.000 ,0 ,0 ,0 ,0 ,0 ,0 ,No
Pigati,Fr,P, CSM ,2016,2,2 ,0 ,2 ,0 ,1.000 ,0 ,2 ,0 ,1.000 ,0 ,0 ,No
Popp,Fr,OF, CSM ,2016,2,5 ,3 ,1 ,1 ,.800 ,1 ,0 ,0 ,0 ,0 ,0 ,No
Selsor,Fr,INF, CSM ,2016,2,369 ,349 ,15 ,5 ,.986 ,34 ,0 ,0 ,0 ,0 ,0 ,No
VanZale,Fr,OF, CSM ,2016,2,0 ,0 ,0 ,0 ,.000 ,0 ,0 ,0 ,0 ,0 ,0 ,No
Blomster,Fr,P, CSM ,2017,2,10 ,3 ,5 ,2 ,.800 ,0 ,4 ,2 ,.667 ,0 ,0 ,No
Daly,Fr,INF, CSM ,2017,2,132 ,36 ,85 ,11 ,.917 ,11 ,0 ,0 ,0 ,0 ,0 ,No
Gregory,Fr,P, CSM ,2017,2,0 ,0 ,0 ,0 ,.000 ,0 ,0 ,0 ,0 ,0 ,0 ,No
Martin,Fr,P, CSM ,2017,2,1 ,0 ,1 ,0 ,1.000 ,0 ,1 ,0 ,1.000 ,0 ,0 ,No
Menard,Fr,OF, CSM ,2017,2,2 ,0 ,2 ,0 ,1.000 ,1 ,0 ,0 ,0 ,0 ,0 ,No
Pennington,Fr,P, CSM ,2017,2,11 ,2 ,9 ,0 ,1.000 ,0 ,8 ,1 ,.889 ,0 ,0 ,No
Starr,Fr,P, CSM ,2017,2,0 ,0 ,0 ,0 ,.000 ,0 ,1 ,1 ,.500 ,0 ,0 ,No
Bregar,Fr,INF,CSUP,2013,2,412,384,24,4,0.99,33,0,0,0,0,0,No
Megyeri,Fr,P,CSUP,2013,2,0,0,0,0,0,0,0,0,0,0,0,No
Garcia,Fr,P, CSUP ,2015,2,0 ,0 ,0 ,0 ,.000 ,0 ,2 ,0 ,1.000 ,0 ,0 ,No
Sauceda,Fr,OF, CSUP ,2016,3,62 ,57 ,3 ,2 ,.968 ,0 ,0 ,0 ,0 ,0 ,0 ,No
Waters,Fr,INF, CSUP ,2017,4,1 ,0 ,1 ,0 ,1.000 ,0 ,0 ,0 ,0 ,0 ,0 ,No
Calhoun,Fr,C,MSUD,2013,6,15,12,2,1,0.933,0,0,0,0,1,0,No
Mau,Fr,OF,MSUD,2013,6,27,26,1,0,1,0,0,0,0,0,0,No
Paust,Fr,INF,MSUD,2013,6,41,7,27,7,0.829,1,1,0,1,0,0,No
Stimpson,Fr,P,MSUD,2013,6,1,1,0,0,1,0,0,0,0,0,0,No
Bean,Fr,C,MSUD,2014,7,88,82,5,1,0.989,6,3,0,1,1,0,No
Hansen,Fr,P,MSUD,2014,7,1,0,0,1,0,0,1,0,1,0,0,No
Thurston,Fr,INF,MSUD,2014,7,36,10,19,7,0.806,5,0,0,0,0,0,No
Hahn,Fr,OF, MSUD ,2015,3,3 ,2 ,0 ,1 ,.667 ,0 ,0 ,0 ,0 ,0 ,0 ,No
Juhl,Fr,C, MSUD ,2015,3,23 ,20 ,3 ,0 ,1.000 ,0 ,3 ,1 ,.750 ,0 ,0 ,No
Vega,Fr,P, MSUD ,2015,3,7 ,3 ,4 ,0 ,1.000 ,0 ,1 ,1 ,.500 ,0 ,0 ,No
Germani,Fr,OF, MSUD ,2016,5,26 ,25 ,1 ,0 ,1.000 ,0 ,0 ,0 ,0 ,0 ,0 ,No
Gjersee,Fr,P, MSUD ,2016,5,0 ,0 ,0 ,0 ,.000 ,0 ,1 ,0 ,1.000 ,0 ,0 ,No
Pepin,Fr,P, MSUD ,2016,5,2 ,1 ,1 ,0 ,1.000 ,0 ,1 ,0 ,1.000 ,0 ,0 ,No
Rowley,Fr,P, MSUD ,2016,5,0 ,0 ,0 ,0 ,.000 ,0 ,0 ,0 ,0 ,0 ,0 ,No
Tulley,Fr,INF, MSUD ,2016,5,3 ,1 ,2 ,0 ,1.000 ,0 ,0 ,0 ,0 ,0 ,0 ,No
Bohannon,Fr,P, MSUD ,2017,3,7 ,2 ,5 ,0 ,1.000 ,0 ,5 ,1 ,.833 ,0 ,0 ,No
Crader,Fr,INF, MSUD ,2017,3,1 ,1 ,0 ,0 ,1.000 ,0 ,0 ,0 ,0 ,0 ,0 ,No
Dammel,Fr,INF, MSUD ,2017,3,2 ,1 ,1 ,0 ,1.000 ,1 ,0 ,0 ,0 ,0 ,0 ,No
Nelson,Fr,INF, MSUD ,2017,3,10 ,10 ,0 ,0 ,1.000 ,3 ,0 ,0 ,0 ,0 ,0 ,No
Shetterly,Fr,OF, MSUD ,2017,3,5 ,3 ,2 ,0 ,1.000 ,0 ,0 ,0 ,0 ,0 ,0 ,No
Tabor,Fr,P, MSUD ,2017,3,0 ,0 ,0 ,0 ,.000 ,0 ,0 ,0 ,0 ,0 ,0 ,No
Trujillo,Fr,P,NMHU,2014,2,3,0,3,0,1,0,0,2,0,0,0,No
Boehler,Fr,INF, NMHU ,2015,5,14 ,4 ,9 ,1 ,.929 ,1 ,0 ,0 ,0 ,0 ,0 ,No
Chavez,Fr,P, NMHU ,2015,5,372 ,352 ,15 ,5 ,.987 ,29 ,0 ,0 ,0 ,0 ,0 ,No
Jensen,Fr,OF, NMHU ,2015,5,24 ,22 ,1 ,1 ,.958 ,0 ,0 ,0 ,0 ,0 ,0 ,No
McDougall,Fr,INF, NMHU ,2015,5,6 ,6 ,0 ,0 ,1.000 ,0 ,0 ,0 ,0 ,0 ,0 ,No
Lamont,Fr,P, NMHU ,2016,7,86 ,68 ,16 ,2 ,.977 ,5 ,10 ,2 ,.833 ,0 ,0 ,No
Padilla,Fr,P, NMHU ,2017,7,1 ,0 ,0 ,1 ,.000 ,0 ,2 ,2 ,.500 ,0 ,0 ,No
Long,Fr,P,RU,2013,4,4,2,2,0,1,0,2,0,1,0,0,No
Overboe,Fr,C,RU,2013,4,230,202,24,4,0.983,2,23,15,0.605,4,1,No
Schwein,Fr,P,RU,2013,4,24,6,17,1,0.958,1,2,3,0.4,0,0,No
DiPaola,Fr,P,RU,2014,5,10,1,8,1,0.9,0,6,3,0.667,0,0,No
Hawkins,Fr,INF,RU,2014,5,240,69,138,33,0.863,18,0,0,0,0,0,No
Mulhern,Fr,OF,RU,2014,5,30,28,2,0,1,0,0,0,0,0,0,No
Potter,Fr,OF,RU,2014,5,22,19,1,2,0.909,0,0,0,0,0,0,No
Powers,Fr,C,RU,2014,5,7,6,1,0,1,0,0,0,0,1,0,No
Thoutt,Fr,P,RU,2014,5,6,0,5,1,0.833,0,6,4,0.6,0,0,No
Heibult,Fr,P, RU ,2015,7,10 ,0 ,10 ,0 ,1.000 ,1 ,14 ,4 ,.778 ,0 ,0 ,No
Dedin,Fr,INF, RU ,2015,7,8 ,6 ,2 ,0 ,1.000 ,0 ,0 ,0 ,0 ,0 ,0 ,No
Modi,Fr,OF, RU ,2015,7,6 ,6 ,0 ,0 ,1.000 ,0 ,0 ,0 ,0 ,0 ,0 ,No
Quackenbush,Fr,P, RU ,2015,7,4 ,1 ,3 ,0 ,1.000 ,0 ,0 ,1 ,.000 ,0 ,0 ,No
Griffith,Fr,P, RU ,2015,7,3 ,2 ,1 ,0 ,1.000 ,0 ,4 ,0 ,1.000 ,0 ,0 ,No
Kriz,Fr,OF, RU ,2015,7,3 ,3 ,0 ,0 ,1.000 ,0 ,0 ,0 ,0 ,0 ,0 ,No
Bryniarski,Fr,INF, RU ,2015,7,367 ,346 ,18 ,3 ,.992 ,28 ,0 ,0 ,0 ,0 ,0 ,No
Flint,Fr,OF, RU ,2015,7,77 ,74 ,2 ,1 ,.987 ,1 ,0 ,0 ,0 ,0 ,0 ,No
Meinhofer,Fr,INF, RU ,2015,7,206 ,71 ,124 ,11 ,.947 ,26 ,0 ,0 ,0 ,0 ,0 ,No
Bitar,Fr,C, RU ,2015,7,123 ,107 ,9 ,7 ,.943 ,1 ,30 ,3 ,.909 ,9 ,3 ,No
Rochon,Fr,INF, RU ,2015,7,30 ,27 ,1 ,2 ,.933 ,0 ,0 ,0 ,0 ,0 ,0 ,No
Gotsis,Fr,P, RU ,2015,7,14 ,2 ,9 ,3 ,.786 ,1 ,1 ,4 ,.200 ,0 ,0 ,No
Sanchez,Fr,P, RU ,2016,6,2 ,1 ,1 ,0 ,1.000 ,0 ,0 ,0 ,0 ,0 ,0 ,No
Fischetti,Fr,P, RU ,2017,6,0 ,0 ,0 ,0 ,.000 ,0 ,0 ,0 ,0 ,0 ,0 ,No
Karhoff,Fr,P, RU ,2017,6,2 ,0 ,2 ,0 ,1.000 ,0 ,6 ,3 ,.667 ,0 ,0 ,No
Klatke,Fr,P, RU ,2017,6,0 ,0 ,0 ,0 ,.000 ,0 ,0 ,0 ,0 ,0 ,0 ,No
McMahon,Fr,P, RU ,2017,6,0 ,0 ,0 ,0 ,.000 ,0 ,0 ,0 ,0 ,0 ,0 ,No
Orozco,Fr,OF, RU ,2017,6,0 ,0 ,0 ,0 ,.000 ,0 ,0 ,0 ,0 ,0 ,0 ,No
Phillips,Fr,C, RU ,2017,6,21 ,20 ,1 ,0 ,1.000 ,3 ,3 ,0 ,1.000 ,2 ,0 ,No
Renfrew,Fr,P, RU ,2017,6,0 ,0 ,0 ,0 ,.000 ,0 ,0 ,0 ,0 ,0 ,0,No
Salazar,Fr,Utl., RU ,2017,6,7 ,3 ,4 ,0 ,1.000 ,2 ,0 ,0 ,0 ,0 ,0 ,No
Tierney,Fr,OF, RU ,2017,6,79 ,75 ,3 ,1 ,.987 ,1 ,0 ,0 ,0 ,0 ,0 ,No
Zimmerman,Fr,OF, RU ,2017,6,28 ,27 ,0 ,1 ,.964 ,0 ,0 ,0 ,0 ,0 ,0 ,No
Ludwig,Fr,INF, UCCS ,2017,5,160 ,51 ,91 ,18 ,.888 ,7 ,0 ,0 ,0 ,0 ,0 ,No
McDermott,Fr,INF, UCCS ,2017,5,223 ,69 ,145 ,9 ,.960 ,30 ,0 ,0 ,0 ,0 ,0 ,No
Silva,Fr,P, UCCS ,2017,5,13 ,4 ,8 ,1 ,.923 ,1 ,8 ,3 ,.727 ,0 ,0 ,No
Kriesel,Jr,P,ASU,2013,7,7,1,4,2,0.714,0,5,2,0.714,0,0,No
Maples,Jr,C,ASU,2013,7,129,101,21,7,0.946,0,58,14,0.806,7,2,No
Robinson,Jr,INF,ASU,2013,7,4,1,3,0,1,1,0,0,0,0,0,No
Rochford,Jr,P,ASU,2013,7,6,0,6,0,1,0,11,1,0.917,0,0,No
Wold,Jr,OF,ASU,2013,7,92,84,2,6,0.935,0,0,0,0,0,0,No
Aramovich,Jr,P,ASU,2014,6,1,0,1,0,1,0,2,1,0.667,0,0,No
Godfrey,Jr,P,ASU,2014,6,6,0,5,1,0.833,1,9,0,1,0,0,No
Heredia,Jr,P,ASU,2014,6,13,6,6,1,0.923,1,26,1,0.963,0,0,No
Huggins,Jr,INF,ASU,2014,6,90,24,53,13,0.856,12,0,0,0,0,0,No
MacMahon,Jr,P,ASU,2014,6,9,4,5,0,1,0,23,6,0.793,0,0,No
Montoya,Jr,C,ASU,2014,6,125,102,16,7,0.944,0,56,9,0.862,1,1,No
Nelson,Jr,OF,ASU,2014,6,52,50,1,1,0.981,0,0,0,0,0,0,No
Richardso,Jr,P,ASU,2014,6,2,0,2,0,1,0,9,1,0.9,0,0,No
Tiernan,Jr,C,ASU,2014,6,66,51,13,2,0.97,0,20,7,0.741,1,0,No
Williams,Jr,P,ASU,2014,6,14,4,9,1,0.929,0,10,3,0.769,0,0,No
Wilson,Jr,INF,ASU,2014,6,6,2,3,1,0.833,2,0,0,0,0,0,No
Wright,Jr,P,ASU,2014,6,5,1,3,1,0.8,0,11,0,1,0,0,No
Bollig,Jr,OF, ASU ,2015,4,73 ,64 ,6 ,3 ,.959 ,1 ,0 ,0 ,0 ,0 ,0 ,No
Bradshaw,Jr,P, ASU ,2015,4,0 ,0 ,0 ,0 ,.000 ,0 ,2 ,1 ,.667 ,0 ,0 ,No
Cox,Jr,OF, ASU ,2015,4,6 ,5 ,0 ,1 ,.833 ,0 ,0 ,0 ,0 ,0 ,0 ,No
Gonzales,Jr,INF, ASU ,2015,4,36 ,13 ,18 ,5 ,.861 ,3 ,0 ,0 ,0 ,0 ,0 ,No
Granzella,Jr,OF, ASU ,2015,4,79 ,71 ,3 ,5 ,.937 ,1 ,0 ,0 ,0 ,0 ,0 ,No
Moldenhauer,Jr,C, ASU ,2015,4,272 ,250 ,19 ,3 ,.989 ,22 ,6 ,0 ,1.000 ,1 ,0 ,No
Morley,Jr,OF, ASU ,2015,4,123 ,113 ,7 ,3 ,.976 ,0 ,0 ,0 ,0 ,0 ,0 ,No
Nutsch,Jr,P, ASU ,2015,4,3 ,2 ,1 ,0 ,1.000 ,0 ,2 ,0 ,1.000 ,0 ,0 ,No
Parise,Jr,P, ASU ,2015,4,2 ,0 ,2 ,0 ,1.000 ,0 ,2 ,0 ,1.000 ,0 ,0 ,No
Porreco,Jr,OF, ASU ,2015,4,32 ,31 ,1 ,0 ,1.000 ,0 ,0 ,0 ,0 ,0 ,0 ,No
Thurston,Jr,INF, ASU ,2015,4,227 ,113 ,103 ,11 ,.952 ,30 ,0 ,0 ,0 ,0 ,0 ,No
Wells,Jr,INF, ASU ,2015,4,190 ,176 ,12 ,2 ,.989 ,16 ,0 ,0 ,0 ,0 ,0 ,No
Wiemers,Jr,P, ASU ,2015,4,6 ,3 ,2 ,1 ,.833 ,0 ,7 ,2 ,.778 ,0 ,0 ,No
Wilson,Jr,INF, ASU ,2015,4,46 ,16 ,28 ,2 ,.957 ,10 ,0 ,0 ,0 ,0 ,0 ,No
April,Jr,C, ASU ,2016,4,100 ,81 ,12 ,7 ,.930 ,0 ,21 ,5 ,.808 ,6 ,3 ,No
Blackburn,Jr,P, ASU ,2016,4,2 ,0 ,1 ,1 ,.500 ,0 ,0 ,2 ,.000 ,0 ,0 ,No
Bradshaw,Jr,P, ASU ,2016,4,2 ,1 ,1 ,0 ,1.000 ,0 ,1 ,1 ,.500 ,0 ,0 ,No
Brown,Jr,P, ASU ,2016,4,6 ,3 ,3 ,0 ,1.000 ,0 ,1 ,3 ,.250 ,0 ,0 ,No
Denovellis,Jr,INF, ASU ,2016,4,43 ,13 ,25 ,5 ,.884 ,0 ,0 ,0 ,0 ,0 ,0 ,No
Downs,Jr,C, ASU ,2016,4,279 ,222 ,48 ,9 ,.968 ,0 ,35 ,23 ,.603 ,9 ,2 ,No
Ferguson,Jr,P, ASU ,2016,4,8 ,3 ,4 ,1 ,.875 ,0 ,6 ,2 ,.750 ,0 ,0 ,No
Garmendia,Jr,INF, ASU ,2016,4,59 ,18 ,34 ,7 ,.881 ,1 ,0 ,0 ,0 ,0 ,0 ,No
Gavin,Jr,P, ASU ,2016,4,1 ,0 ,0 ,1 ,.000 ,0 ,8 ,1 ,.889 ,0 ,0 ,No
Keaton,Jr,P, ASU ,2016,4,9 ,3 ,6 ,0 ,1.000 ,0 ,10 ,1 ,.909 ,0 ,0 ,No
Mares,Jr,INF, ASU ,2016,4,134 ,38 ,95 ,1 ,.993 ,16 ,0 ,0 ,0 ,0 ,0 ,No
Munford,Jr,P, ASU ,2016,4,4 ,0 ,4 ,0 ,1.000 ,0 ,0 ,0 ,0 ,0 ,0 ,No
Sherry,Jr,P, ASU ,2016,4,3 ,0 ,3 ,0 ,1.000 ,0 ,10 ,3 ,.769 ,0 ,0 ,No
Weidner,Jr,INF, ASU ,2016,4,142 ,40 ,91 ,11 ,.923 ,18 ,0 ,0 ,0 ,0 ,0 ,No
Contreras,Jr,P, ASU ,2017,9,0 ,0 ,0 ,0 ,.000 ,0 ,0 ,0 ,0 ,0 ,0 ,No
Garcia,Jr,P, ASU ,2017,9,4 ,1 ,2 ,1 ,.750 ,0 ,0 ,0 ,0 ,0 ,0 ,No
Guillory,Jr,C, ASU ,2017,9,5 ,5 ,0 ,0 ,1.000 ,0 ,1 ,0 ,1.000 ,0 ,0 ,No
Kachel,Jr,OF, ASU ,2017,9,57 ,53 ,2 ,2 ,.965 ,1 ,0 ,0 ,0 ,0 ,0 ,No
Lofink,Jr,P, ASU ,2017,9,5 ,1 ,3 ,1 ,.800 ,0 ,2 ,0 ,1.000 ,0 ,0 ,No
Molina,Jr,P, ASU ,2017,9,1 ,0 ,1 ,0 ,1.000 ,0 ,4 ,3 ,.571 ,0 ,0 ,No
Niemi,Jr,OF, ASU ,2017,9,58 ,57 ,0 ,1 ,.983 ,0 ,0 ,0 ,0 ,0 ,0 ,No
Rone,Jr,P, ASU ,2017,9,1 ,0 ,1 ,0 ,1.000 ,0 ,0 ,0 ,0 ,0 ,0 ,No
Stanich,Jr,INF, ASU ,2017,9,148 ,133 ,14 ,1 ,.993 ,8 ,0 ,0 ,0 ,0 ,0 ,No
Templin,Jr,INF, ASU ,2017,9,183 ,169 ,12 ,2 ,.989 ,5 ,0 ,0 ,0 ,0 ,0 ,No
Ward,Jr,P, ASU ,2017,9,2 ,0 ,1 ,1 ,.500 ,0 ,2 ,0 ,1.000 ,0 ,0 ,No
Weber,Jr,P, ASU ,2017,9,12 ,2 ,8 ,2 ,.833 ,0 ,2 ,2 ,.500 ,0 ,0 ,No
Bachara,Jr,OF,CCU,2013,8,77,73,1,3,0.961,0,0,0,0,0,0,No
Dudley,Jr,OF,CCU,2013,8,51,47,2,2,0.961,0,0,0,0,0,0,No
Jones,Jr,INF,CCU,2013,8,155,63,89,3,0.981,19,0,0,0,0,0,No
Landrith,Jr,C,CCU,2013,8,60,51,6,3,0.95,1,21,3,0.875,6,1,No
Panaro,Jr,P,CCU,2013,8,0,0,0,0,0,0,1,0,1,0,0,No
Ray,Jr,INF,CCU,2013,8,195,63,108,24,0.877,21,0,0,0,0,0,No
Richardson,Jr,C,CCU,2013,8,108,90,15,3,0.972,0,37,7,0.841,6,0,No
Barnard,Jr,Inf,CCU,2014,8,226,77,123,26,0.885,25,1,0,1,0,0,No
Conley,Jr,INF,CCU,2014,8,303,287,11,5,0.983,32,0,0,0,0,0,No
Henrichsen,Jr,P,CCU,2014,8,8,2,6,0,1,0,16,2,0.889,0,0,No
McMahon,Jr,INF,CCU,2014,8,115,39,67,9,0.922,9,5,4,0.556,0,0,No
Silva,Jr,OF,CCU,2014,8,104,101,1,2,0.981,0,1,0,1,0,0,No
Witt,Jr,C,CCU,2014,8,58,47,5,6,0.897,4,7,3,0.7,0,0,No
Bednarski,Jr,P, CCU ,2015,8,8 ,3 ,4 ,1 ,.875 ,0 ,8 ,3 ,.727 ,0 ,0 ,No
Erazo,Jr,P, CCU ,2015,8,21 ,10 ,11 ,0 ,1.000 ,2 ,11 ,5 ,.688 ,0 ,0 ,No
Lewis,Jr,P, CCU ,2015,8,4 ,2 ,2 ,0 ,1.000 ,0 ,7 ,0 ,1.000 ,0 ,0 ,No
McWilliams,Jr,INF, CCU ,2015,8,11 ,7 ,3 ,1 ,.909 ,0 ,5 ,1 ,.833 ,0 ,0 ,No
Reynolds,Jr,P, CCU ,2015,8,0 ,0 ,0 ,0 ,.000 ,0 ,0 ,0 ,0 ,0 ,0 ,No
Wiederhold,Jr,C, CCU ,2015,8,198 ,163 ,29 ,6 ,.970 ,3 ,31 ,19 ,.620 ,8 ,0 ,No
Zarlengo,Jr,INF, CCU ,2015,8,13 ,13 ,0 ,0 ,1.000 ,1 ,0 ,0 ,0 ,0 ,0 ,No
Armenta,Jr,INF, CCU ,2016,8,185 ,84 ,92 ,9 ,.951 ,22 ,0 ,0 ,0 ,0 ,0 ,No
Atkerson,Jr,P, CCU ,2016,8,76 ,65 ,9 ,2 ,.974 ,0 ,5 ,0 ,1.000 ,0 ,0 ,No
Gallegos,Jr,OF, CCU ,2016,8,98 ,96 ,0 ,2 ,.980 ,0 ,0 ,0 ,0 ,0 ,0 ,No
Graves,Jr,P, CCU ,2016,8,22 ,20 ,1 ,1 ,.955 ,0 ,0 ,0 ,0 ,0 ,0 ,No
Harris,Jr,P, CCU ,2016,8,2 ,1 ,1 ,0 ,1.000 ,0 ,0 ,1 ,.000 ,0 ,0 ,No
Marlar,Jr,P, CCU ,2016,8,6 ,2 ,1 ,3 ,.500 ,0 ,7 ,1 ,.875 ,0 ,0 ,No
Sigrist,Jr,P, CCU ,2016,8,2 ,1 ,1 ,0 ,1.000 ,0 ,0 ,0 ,0 ,0 ,0 ,No
Bayles,Jr,C, CCU ,2017,8,56 ,43 ,7 ,6 ,.893 ,1 ,0 ,0 ,0 ,0 ,0 ,No
Benson,Jr,P, CCU ,2017,8,8 ,2 ,4 ,2 ,.750 ,0 ,3 ,0 ,1.000 ,0 ,0 ,No
Brenton,Jr,INF, CCU ,2017,8,42 ,11 ,22 ,9 ,.786 ,1 ,0 ,0 ,0 ,0 ,0 ,No
Cantrell,Jr,P, CCU ,2017,8,9 ,1 ,6 ,2 ,.778 ,0 ,7 ,2 ,.778 ,0 ,0,No
Doherty,Jr,INF, CCU ,2017,8,106 ,47 ,51 ,8 ,.925 ,4 ,0 ,0 ,0 ,0 ,0 ,No
Fontneau,Jr,P, CCU ,2017,8,6 ,1 ,4 ,1 ,.833 ,0 ,2 ,1 ,.667 ,0 ,0 ,No
Gray,Jr,OF, CCU ,2017,8,116 ,97 ,12 ,7 ,.940 ,2 ,0 ,0 ,0 ,0 ,0 ,No
Johnson,Jr,P, CCU ,2017,8,67 ,59 ,3 ,5 ,.925 ,0 ,0 ,0 ,0 ,0 ,0 ,No
Loranger,Jr,P, CCU ,2017,8,22 ,5 ,14 ,3 ,.864 ,2 ,13 ,5 ,.722 ,0 ,0 ,No
Maltby,Jr,C, CCU ,2017,8,337 ,295 ,35 ,7 ,.979 ,2 ,64 ,16 ,.800 ,6 ,1 ,No
McTague,Jr,INF, CCU ,2017,8,250 ,234 ,13 ,3 ,.988 ,14 ,0 ,0 ,0 ,0 ,0 ,No
Scheffel,Jr,P, CCU ,2017,8,0 ,0 ,0 ,0 ,.000 ,0 ,4 ,1 ,.800 ,0 ,0 ,No
Wright,Jr,INF, CCU ,2017,8,170 ,56 ,91 ,23 ,.865 ,13 ,1 ,0 ,1.000 ,0 ,0 ,No
Danner,Jr,P,CMU,2013,1,12,4,7,1,0.917,0,3,1,0.75,0,0,No
Davis,Jr,P,CMU,2013,1,11,1,10,0,1,0,1,3,0.25,0,0,No
Dunnington,Jr,P,CMU,2013,1,2,0,2,0,1,0,1,0,1,0,0,No
Kaiser,Jr,OF,CMU,2013,1,64,60,2,2,0.969,0,0,0,0,0,0,No
Kinkade,Jr,INF,CMU,2013,1,105,97,6,2,0.981,7,0,0,0,0,0,No
Lahman,Jr,P,CMU,2013,1,14,5,9,0,1,0,1,3,0.25,0,0,No
Ray,Jr,OF,CMU,2013,1,0,0,0,0,0,0,0,0,0,0,0,No
Schoelkopf,Jr,C,CMU,2013,1,233,217,12,4,0.983,2,18,7,0.72,6,0,No
Behr,Jr,P,CMU,2014,1,4,2,1,1,0.75,0,0,0,0,0,0,No
Delay,Jr,P,CMU,2014,1,22,6,15,1,0.955,0,11,7,0.611,0,0,No
Garcia,Jr,INF,CMU,2014,1,210,84,118,8,0.962,32,0,0,0,0,0,No
Johnson,Jr,P,CMU,2014,1,2,0,1,1,0.5,0,1,0,1,0,0,No
Kovach,Jr,P,CMU,2014,1,0,0,0,0,0,0,0,1,0,0,0,No
Malone,Jr,P,CMU,2014,1,0,0,0,0,0,0,0,0,0,0,0,No
Reno,Jr,P,CMU,2014,1,20,5,14,1,0.95,0,4,1,0.8,0,0,No
Ross,Jr,INF,CMU,2014,1,70,33,36,1,0.986,8,0,0,0,0,0,No
Valenzuela,Jr,OF,CMU,2014,1,109,102,5,2,0.982,0,0,0,0,0,0,No
Wilson,Jr,P,CMU,2014,1,6,1,4,1,0.833,0,3,0,1,0,0,No
Woodward,Jr,INF,CMU,2014,1,163,143,17,3,0.982,20,0,0,0,0,0,No
Allen,Jr,P, CMU ,2015,1,9 ,4 ,4 ,1 ,.889 ,1 ,2 ,2 ,.500 ,0 ,0 ,No
Cantwell,Jr,C, CMU ,2015,1,8 ,8 ,0 ,0 ,1.000 ,0 ,0 ,0 ,0 ,0 ,0 ,No
DeSantis,Jr,INF, CMU ,2015,1,53 ,49 ,3 ,1 ,.981 ,5 ,0 ,0 ,0 ,0 ,0 ,No
Ehlers,Jr,P, CMU ,2015,1,14 ,2 ,10 ,2 ,.857 ,0 ,7 ,3 ,.700 ,0 ,0 ,No
Olson,Jr,P, CMU ,2015,1,0 ,0 ,0 ,0 ,.000 ,0 ,0 ,0 ,0 ,0 ,0 ,No
Robinson,Jr,OF, CMU ,2015,1,17 ,17 ,0 ,0 ,1.000 ,0 ,0 ,0 ,0 ,0 ,0 ,No
Romito,Jr,P, CMU ,2015,1,0 ,0 ,0 ,0 ,.000 ,0 ,0 ,0 ,0 ,0 ,0 ,No
Samuels,Jr,INF, CMU ,2015,1,42 ,7 ,31 ,4 ,.905 ,2 ,0 ,0 ,0 ,0 ,0 ,No
Young,Jr,OF, CMU ,2015,1,67 ,64 ,2 ,1 ,.985 ,0 ,0 ,0 ,0 ,0 ,0 ,No
Borowski,Jr,INF, CMU ,2016,1,195 ,169 ,23 ,3 ,.985 ,17 ,0 ,1 ,.000 ,0 ,0 ,No
Bott,Jr,P, CMU ,2016,1,5 ,0 ,4 ,1 ,.800 ,0 ,2 ,0 ,1.000 ,0 ,0 ,No
Contreras,Jr,INF, CMU ,2016,1,54 ,19 ,35 ,0 ,1.000 ,6 ,0 ,0 ,0 ,0 ,0 ,No
Day,Jr,P, CMU ,2016,1,5 ,1 ,4 ,0 ,1.000 ,1 ,2 ,2 ,.500 ,0 ,0 ,No
Druce,Jr,C, CMU ,2016,1,117 ,102 ,12 ,3 ,.974 ,4 ,2 ,4 ,.333 ,1 ,2 ,No
Elcock,Jr,OF, CMU ,2016,1,27 ,25 ,1 ,1 ,.963 ,0 ,0 ,0 ,0 ,0 ,0 ,No
Gonzalez,Jr,OF, CMU ,2016,1,53 ,49 ,4 ,0 ,1.000 ,0 ,0 ,0 ,0 ,0 ,0 ,No
Herdt,Jr,P, CMU ,2016,1,12 ,3 ,9 ,0 ,1.000 ,1 ,5 ,4 ,.556 ,0 ,0 ,No
LaCrone,Jr,INF, CMU ,2016,1,138 ,58 ,75 ,5 ,.964 ,17 ,0 ,0 ,0 ,0 ,0 ,No
Serrano,Jr,C, CMU ,2016,1,412 ,370 ,37 ,5 ,.988 ,2 ,13 ,9 ,.591 ,6 ,0 ,No
Ball,Jr,INF, CMU ,2017,1,32 ,21 ,9 ,2 ,.938 ,3 ,0 ,0 ,0 ,0 ,0 ,No
Ballard,Jr,P, CMU ,2017,1,11 ,11 ,0 ,0 ,1.000 ,0 ,0 ,0 ,0 ,0 ,0 ,No
Ballard,Jr,OF, CMU ,2017,1,0 ,0 ,0 ,0 ,.000 ,0 ,0 ,0 ,0 ,0 ,0 ,No
Carr,Jr,INF, CMU ,2017,1,126 ,36 ,83 ,7 ,.944 ,6 ,0 ,0 ,0 ,0 ,0 ,No
Eaton,Jr,OF, CMU ,2017,1,30 ,28 ,2 ,0 ,1.000 ,1 ,0 ,0 ,0 ,0 ,0 ,No
Elcock,Jr,INF, CMU ,2017,1,166 ,140 ,16 ,10 ,.940 ,7 ,0 ,0 ,0 ,0 ,0 ,No
McLeod,Jr,INF, CMU ,2017,1,226 ,69 ,148 ,9 ,.960 ,25 ,0 ,0 ,0 ,0 ,0 ,No
Mielock,Jr,P, CMU ,2017,1,8 ,2 ,5 ,1 ,.875 ,0 ,5 ,0 ,1.000 ,0 ,0 ,No
Nieslanik,Jr,OF, CMU ,2017,1,28 ,23 ,3 ,2 ,.929 ,1 ,0 ,0 ,0 ,0 ,0 ,No
Prokopis,Jr,P, CMU ,2017,1,5 ,1 ,4 ,0 ,1.000 ,0 ,2 ,0 ,1.000 ,0 ,0 ,No
Ramirez,Jr,P, CMU ,2017,1,13 ,3 ,9 ,1 ,.923 ,1 ,5 ,4 ,.556 ,0 ,0 ,No
Sandoval,Jr,C, CMU ,2017,1,70 ,62 ,7 ,1 ,.986 ,0 ,4 ,2 ,.667 ,0 ,0 ,No
Wodiuk,Jr,P, CMU ,2017,1,2 ,0 ,2 ,0 ,1.000 ,0 ,0 ,3 ,.000 ,0 ,0 ,No
Basil,Jr,OF,CSM,2013,5,67,64,2,1,0.985,0,0,0,0,0,0,No
Herrin,Jr,P,CSM,2013,5,7,2,5,0,1,0,2,1,0.667,0,0,No
Shannon,Jr,P,CSM,2013,5,3,0,2,1,0.667,0,4,1,0.8,0,0,No
Skrdlant,Jr,INF,CSM,2013,5,97,25,62,10,0.897,10,0,0,0,0,0,No
Bothwell,Jr,INF,CSM,2014,4,231,186,38,7,0.97,20,0,0,0,0,0,No
Chavarria,Jr,OF,CSM,2014,4,38,36,2,0,1,1,0,0,0,0,0,No
Fishel,Jr,C,CSM,2014,4,92,85,3,4,0.957,4,18,0,1,0,1,No
Gilman,Jr,P,CSM,2014,4,11,2,9,0,1,0,8,4,0.667,0,0,No
Ihme,Jr,INF,CSM,2014,4,1,0,1,0,1,0,0,0,0,0,0,No
Johnson,Jr,OF,CSM,2014,4,0,0,0,0,0,0,0,0,0,0,0,No
Schillinger,Jr,C,CSM,2014,4,102,89,10,3,0.971,1,20,5,0.8,2,0,No
Storm,Jr,P,CSM,2014,4,0,0,0,0,0,0,0,0,0,0,0,No
Bevan,Jr,INF, CSM ,2016,2,140 ,47 ,81 ,12 ,.914 ,10 ,0 ,0 ,0 ,0 ,0 ,No
Lambert,Jr,P, CSM ,2016,2,105 ,93 ,9 ,3 ,.971 ,2 ,0 ,0 ,0 ,0 ,0 ,No
Marvel,Jr,OF, CSM ,2016,2,110 ,100 ,7 ,3 ,.973 ,0 ,0 ,0 ,0 ,0 ,0 ,No
Smith,Jr,INF, CSM ,2016,2,212 ,94 ,111 ,7 ,.967 ,28 ,0 ,0 ,0 ,0 ,0 ,No
Smythe,Jr,P, CSM ,2016,2,3 ,0 ,3 ,0 ,1.000 ,0 ,3 ,0 ,1.000 ,0 ,0 ,No
Thomas,Jr,P, CSM ,2016,2,4 ,4 ,0 ,0 ,1.000 ,0 ,0 ,0 ,0 ,0 ,0 ,No
Valerio,Jr,P, CSM ,2016,2,10 ,1 ,9 ,0 ,1.000 ,0 ,7 ,2 ,.778 ,0 ,0 ,No
Burman,Jr,OF, CSM ,2017,2,11 ,10 ,1 ,0 ,1.000 ,0 ,0 ,1 ,.000 ,0 ,0 ,No
Ekstrom,Jr,P, CSM ,2017,2,12 ,4 ,8 ,0 ,1.000 ,0 ,1 ,2 ,.333 ,0 ,0 ,No
Englehart,Jr,P, CSM ,2017,2,1 ,0 ,1 ,0 ,1.000 ,0 ,5 ,2 ,.714 ,0 ,0 ,No
Jones,Jr,C, CSM ,2017,2,112 ,96 ,16 ,0 ,1.000 ,0 ,16 ,7 ,.696 ,3 ,0 ,No
Martin,Jr,P, CSM ,2017,2,12 ,1 ,10 ,1 ,.917 ,0 ,1 ,2 ,.333 ,0 ,0 ,No
Maxey,Jr,OF, CSM ,2017,2,43 ,12 ,26 ,5 ,.884 ,3 ,0 ,0 ,0 ,0 ,0 ,No
Rodriquez,Jr,INF, CSM ,2017,2,14 ,6 ,7 ,1 ,.929 ,0 ,0 ,0 ,0 ,0 ,0 ,No
Buckles,Jr,INF,CSUP,2013,2,184,52,121,11,0.94,27,0,0,0,0,0,No
Dunn,Jr,C,CSUP,2013,2,25,20,4,1,0.96,0,1,0,1,0,1,No
Fabrizio,Jr,P,CSUP,2013,2,14,5,7,2,0.857,0,8,6,0.571,0,0,No
Given,Jr,P,CSUP,2013,2,4,2,2,0,1,0,0,1,0,0,0,No
Kenebrew,Jr,OF,CSUP,2013,2,22,18,1,3,0.864,0,0,0,0,0,0,No
Sanchez,Jr,INF,CSUP,2013,2,137,46,81,10,0.927,9,0,0,0,0,0,No
Schoon,Jr,P,CSUP,2013,2,25,18,6,1,0.96,2,7,7,0.5,0,0,No
Smith,Jr,P,CSUP,2013,2,3,0,2,1,0.667,0,1,0,1,0,0,No
Ball,Jr,P,CSUP,2014,3,1,0,1,0,1,0,1,2,0.333,0,0,No
Bevington,Jr,P,CSUP,2014,3,3,1,2,0,1,0,3,1,0.75,0,0,No
Bristow,Jr,P,CSUP,2014,3,19,4,13,2,0.895,1,4,2,0.667,0,0,No
Busch,Jr,P,CSUP,2014,3,1,0,1,0,1,0,0,0,0,0,0,No
Casler,Jr,P,CSUP,2014,3,2,2,0,0,1,0,0,0,0,0,0,No
Chavez,Jr,OF,CSUP,2014,3,11,9,2,0,1,0,0,0,0,0,0,No
Finley,Jr,P,CSUP,2014,3,7,2,5,0,1,0,4,3,0.571,0,0,No
Goodwin,Jr,C,CSUP,2014,3,75,66,7,2,0.973,2,7,3,0.7,4,0,No
King,Jr,P,CSUP,2014,3,2,0,2,0,1,0,2,0,1,0,0,No
Masterson,Jr,P,CSUP,2014,3,2,0,2,0,1,0,0,1,0,0,0,No
Ortiz,Jr,INF,CSUP,2014,3,27,21,4,2,0.926,0,0,0,0,0,0,No
Ramsey,Jr,OF,CSUP,2014,3,25,24,0,1,0.96,0,0,0,0,0,0,No
Richins,Jr,INF,CSUP,2014,3,179,74,95,10,0.944,19,0,0,0,0,0,No
Rimer,Jr,P,CSUP,2014,3,10,2,6,2,0.8,1,2,0,1,0,0,No
Soto,Jr,P,CSUP,2014,3,12,4,6,2,0.833,0,5,3,0.625,0,0,No
Vigil,Jr,INF,CSUP,2014,3,18,9,9,0,1,3,0,0,0,0,0,No
Wagner,Jr,OF,CSUP,2014,3,100,95,3,2,0.98,3,0,0,0,0,0,No
Berg-Rose,Jr,INF, CSUP ,2015,2,39 ,36 ,3 ,0 ,1.000 ,4 ,0 ,0 ,0 ,0 ,0 ,No
Brady,Jr,OF, CSUP ,2015,2,8 ,7 ,0 ,1 ,.875 ,0 ,0 ,0 ,0 ,0 ,0 ,No
Cebulski,Jr,C, CSUP ,2015,2,282 ,239 ,38 ,5 ,.982 ,0 ,32 ,10 ,.762 ,8 ,1 ,No
DeHerrera,Jr,C, CSUP ,2015,2,2 ,0 ,2 ,0 ,1.000 ,0 ,0 ,0 ,0 ,0 ,0 ,No
Fessel,Jr,C, CSUP ,2015,2,92 ,84 ,8 ,0 ,1.000 ,1 ,12 ,3 ,.800 ,3 ,0 ,No
Gimenez,Jr,P, CSUP ,2015,2,2 ,1 ,1 ,0 ,1.000 ,0 ,0 ,0 ,0 ,0 ,0 ,No
Godman,Jr,OF, CSUP ,2015,2,100 ,98 ,0 ,2 ,.980 ,0 ,0 ,0 ,0 ,0 ,0 ,No
Griffin,Jr,OF, CSUP ,2015,2,8 ,7 ,0 ,1 ,.875 ,0 ,0 ,0 ,0 ,0 ,0 ,No
Menocal,Jr,INF, CSUP ,2015,2,128 ,29 ,91 ,8 ,.938 ,7 ,0 ,0 ,0 ,0 ,0 ,No
Rich,Jr,P, CSUP ,2015,2,9 ,3 ,6 ,0 ,1.000 ,0 ,4 ,0 ,1.000 ,0 ,0 ,No
Tessone,Jr,P, CSUP ,2015,2,19 ,4 ,11 ,4 ,.789 ,0 ,9 ,0 ,1.000 ,0 ,0 ,No
Castaneda,Jr,INF, CSUP ,2016,3,2 ,0 ,2 ,0 ,1.000 ,1 ,1 ,0 ,1.000 ,0 ,0 ,No
Castaneda,Jr,P, CSUP ,2016,3,189 ,66 ,117 ,6 ,.968 ,28 ,0 ,0 ,0 ,0 ,0 ,No
Compehos,Jr,INF, CSUP ,2016,3,57 ,16 ,37 ,4 ,.930 ,2 ,0 ,0 ,0 ,0 ,0 ,No
Compton,Jr,INF, CSUP ,2016,3,11 ,11 ,0 ,0 ,1.000 ,0 ,0 ,0 ,0 ,0 ,0 ,No
Conlin,Jr,P, CSUP ,2016,3,15 ,3 ,11 ,1 ,.933 ,0 ,4 ,5 ,.444 ,0 ,0 ,No
Daniels,Jr,OF, CSUP ,2016,3,8 ,8 ,0 ,0 ,1.000 ,0 ,0 ,0 ,0 ,0 ,0 ,No
Garcia,Jr,P, CSUP ,2016,3,0 ,0 ,0 ,0 ,.000 ,0 ,0 ,0 ,0 ,0 ,0 ,No
Gunther,Jr,INF, CSUP ,2016,3,24 ,4 ,17 ,3 ,.875 ,3 ,0 ,0 ,0 ,0 ,0 ,No
Jackson,Jr,OF, CSUP ,2016,3,47 ,43 ,0 ,4 ,.915 ,0 ,0 ,0 ,0 ,0 ,0 ,No
Lazcano,Jr,P, CSUP ,2016,3,13 ,1 ,11 ,1 ,.923 ,1 ,3 ,1 ,.750 ,0 ,0 ,No
Letofsky,Jr,P, CSUP ,2016,3,3 ,2 ,1 ,0 ,1.000 ,0 ,1 ,0 ,1.000 ,0 ,0,No
Nuernberg,Jr,P, CSUP ,2016,3,6 ,5 ,1 ,0 ,1.000 ,0 ,2 ,2 ,.500 ,0 ,0 ,No
Peeler,Jr,P, CSUP ,2016,3,16 ,6 ,8 ,2 ,.875 ,1 ,2 ,3 ,.400 ,0 ,0 ,No
Snyder,Jr,INF, CSUP ,2016,3,217 ,65 ,134 ,18 ,.917 ,34 ,0 ,0 ,0 ,0 ,0 ,No
Venegas,Jr,P, CSUP ,2016,3,10 ,3 ,5 ,2 ,.800 ,0 ,3 ,1 ,.750 ,0 ,0 ,No
Visinoni,Jr,P, CSUP ,2016,3,0 ,0 ,0 ,0 ,.000 ,0 ,0 ,0 ,0 ,0 ,0 ,No
Weinberg,Jr,P, CSUP ,2016,3,13 ,2 ,11 ,0 ,1.000 ,0 ,13 ,4 ,.765 ,0 ,0 ,No
Wilde,Jr,P, CSUP ,2016,3,0 ,0 ,0 ,0 ,.000 ,0 ,0 ,0 ,0 ,0 ,0 ,No
Willman,Jr,OF, CSUP ,2016,3,10 ,7 ,0 ,3 ,.700 ,0 ,0 ,0 ,0 ,0 ,0 ,No
Boyd,Jr,INF, CSUP ,2017,4,58 ,31 ,19 ,8 ,.862 ,3 ,0 ,0 ,0 ,0 ,0 ,No
Devery,Jr,INF, CSUP ,2017,4,96 ,24 ,64 ,8 ,.917 ,9 ,0 ,0 ,0 ,0 ,0 ,No
Duarte,Jr,OF, CSUP ,2017,4,47 ,41 ,3 ,3 ,.936 ,0 ,0 ,0 ,0 ,0 ,0 ,No
Follett,Jr,P, CSUP ,2017,4,5 ,2 ,2 ,1 ,.800 ,0 ,3 ,0 ,1.000 ,0 ,0 ,No
Fuhrman,Jr,INF, CSUP ,2017,4,40 ,13 ,26 ,1 ,.975 ,3 ,1 ,1 ,.500 ,0 ,0 ,No
Gendian,Jr,P, CSUP ,2017,4,0 ,0 ,0 ,0 ,.000 ,0 ,2 ,0 ,1.000 ,0 ,0 ,No
Hoffman,Jr,OF, CSUP ,2017,4,88 ,79 ,6 ,3 ,.966 ,1 ,3 ,1 ,.750 ,0 ,0 ,No
Honorof,Jr,P, CSUP ,2017,4,2 ,0 ,2 ,0 ,1.000 ,0 ,2 ,0 ,1.000 ,0 ,0 ,No
Lighthall,Jr,P, CSUP ,2017,4,12 ,3 ,9 ,0 ,1.000 ,0 ,0 ,2 ,.000 ,0 ,0 ,No
Ricklefs,Jr,P, CSUP ,2017,4,3 ,0 ,3 ,0 ,1.000 ,0 ,3 ,1 ,.750 ,0 ,0 ,No
Rohleder,Jr,P, CSUP ,2017,4,4 ,0 ,4 ,0 ,1.000 ,1 ,0 ,0 ,0 ,0 ,0 ,No
Romero,Jr,C, CSUP ,2017,4,263 ,226 ,34 ,3 ,.989 ,1 ,30 ,13 ,.698 ,10 ,3 ,No
Steele,Jr,INF, CSUP ,2017,4,14 ,5 ,8 ,1 ,.929 ,2 ,0 ,0 ,0 ,0 ,0 ,No
Telander,Jr,OF, CSUP ,2017,4,12 ,12 ,0 ,0 ,1.000 ,0 ,0 ,0 ,0 ,0 ,0 ,No
Baldini,Jr,INF,MSUD,2013,6,227,99,122,6,0.974,29,0,0,0,0,0,No
Ford,Jr,P,MSUD,2013,6,3,0,3,0,1,1,3,1,0.75,0,0,No
Hand,Jr,P,MSUD,2013,6,5,0,4,1,0.8,0,1,2,0.333,0,0,No
Hill,Jr,P,MSUD,2013,6,2,0,1,1,0.5,0,4,1,0.8,0,0,No
Reeves,Jr,INF,MSUD,2013,6,13,4,6,3,0.769,1,0,0,0,0,0,No
Gibbons,Jr,OF,MSUD,2014,7,106,98,3,5,0.953,1,0,0,0,0,0,No
Hammett,Jr,P,MSUD,2014,7,20,4,14,2,0.9,2,5,3,0.625,0,0,No
Lalk,Jr,P,MSUD,2014,7,9,3,6,0,1,1,5,1,0.833,0,0,No
Lynes,Jr,C,MSUD,2014,7,5,4,0,1,0.8,0,0,0,0,1,1,No
Miller,Jr,INF,MSUD,2014,7,254,243,8,3,0.988,34,0,0,0,0,0,No
Roth,Jr,P,MSUD,2014,7,4,2,2,0,1,0,4,2,0.667,0,0,No
Spirek,Jr,INF,MSUD,2014,7,39,16,19,4,0.897,6,0,0,0,0,0,No
Thill,Jr,P,MSUD,2014,7,5,1,3,1,0.8,0,3,5,0.375,0,0,No
Westerberg,Jr,INF,MSUD,2014,7,99,38,58,3,0.97,13,0,0,0,0,0,No
Comito,Jr,INF, MSUD ,2015,3,174 ,68 ,99 ,7 ,.960 ,17 ,0 ,0 ,0 ,0 ,0 ,No
Levett,Jr,OF, MSUD ,2015,3,13 ,12 ,1 ,0 ,1.000 ,0 ,0 ,0 ,0 ,0 ,0 ,No
Mau,Jr,OF, MSUD ,2015,3,5 ,5 ,0 ,0 ,1.000 ,0 ,0 ,0 ,0 ,0 ,0 ,No
Pavel,Jr,P, MSUD ,2015,3,6 ,1 ,4 ,1 ,.833 ,0 ,0 ,1 ,.000 ,0 ,0 ,No
Stroup,Jr,P, MSUD ,2015,3,5 ,1 ,4 ,0 ,1.000 ,0 ,2 ,1 ,.667 ,0 ,0 ,No
Walker,Jr,OF, MSUD ,2015,3,86 ,78 ,3 ,5 ,.942 ,1 ,0 ,0 ,0 ,0 ,0 ,No
Baca,Jr,P, MSUD ,2016,5,15 ,1 ,14 ,0 ,1.000 ,1 ,2 ,0 ,1.000 ,0 ,0 ,No
Bean,Jr,C, MSUD ,2016,5,150 ,128 ,21 ,1 ,.993 ,1 ,12 ,6 ,.667 ,5 ,0 ,No
Ekman,Jr,OF, MSUD ,2016,5,44 ,39 ,2 ,3 ,.932 ,0 ,0 ,0 ,0 ,0 ,0 ,No
Mau,Jr,OF, MSUD ,2016,5,35 ,32 ,2 ,1 ,.971 ,0 ,0 ,0 ,0 ,0 ,0 ,No
McCaskey,Jr,C, MSUD ,2016,5,132 ,112 ,17 ,3 ,.977 ,0 ,15 ,8 ,.652 ,7 ,1,No
Moore,Jr,P, MSUD ,2016,5,2 ,1 ,1 ,0 ,1.000 ,0 ,1 ,0 ,1.000 ,0 ,0 ,No
Paust,Jr,INF, MSUD ,2016,5,388 ,366 ,19 ,3 ,.992 ,32 ,0 ,0 ,0 ,0 ,0 ,No
Smith,Jr,P, MSUD ,2016,5,0 ,0 ,0 ,0 ,.000 ,0 ,0 ,0 ,0 ,0 ,0 ,No
Stimpson,Jr,P, MSUD ,2016,5,2 ,2 ,0 ,0 ,1.000 ,0 ,0 ,0 ,0 ,0 ,0 ,No
Thurston,Jr,INF, MSUD ,2016,5,192 ,53 ,130 ,9 ,.953 ,25 ,0 ,0 ,0 ,0 ,0 ,No
Donaldson,Jr,OF, MSUD ,2017,3,88 ,78 ,5 ,5 ,.943 ,0 ,0 ,0 ,0 ,0 ,0 ,No
Hansen,Jr,P, MSUD ,2017,3,0 ,0 ,0 ,0 ,.000 ,0 ,0 ,0 ,0 ,0 ,0 ,No
Kennedy,Jr,OF, MSUD ,2017,3,56 ,48 ,3 ,5 ,.911 ,0 ,0 ,0 ,0 ,0 ,0 ,No
Maloney,Jr,INF, MSUD ,2017,3,90 ,20 ,65 ,5 ,.944 ,7 ,0 ,0 ,0 ,0 ,0 ,No
Ortiz,Jr,INF, MSUD ,2017,3,256 ,119 ,128 ,9 ,.965 ,30 ,0 ,0 ,0 ,0 ,0 ,No
Roley,Jr,P, MSUD ,2017,3,3 ,1 ,2 ,0 ,1.000 ,1 ,1 ,0 ,1.000 ,0 ,0 ,No
Smith,Jr,P, MSUD ,2017,3,2 ,0 ,2 ,0 ,1.000 ,0 ,3 ,0 ,1.000 ,0 ,0 ,No
Strube,Jr,P, MSUD ,2017,3,9 ,1 ,7 ,1 ,.889 ,0 ,10 ,7 ,.588 ,0 ,0 ,No
Bazuin,Jr,UT,NMHU,2013,3,123,114,9,0,1,9,0,0,0,0,0,No
Clark,Jr,P,NMHU,2013,3,8,3,5,0,1,1,4,0,1,0,0,No
Davis,Jr,C,NMHU,2013,3,21,20,1,0,1,0,0,0,0,0,0,No
Goliat,Jr,OF,NMHU,2013,3,92,87,0,5,0.946,0,0,0,0,0,0,No
Hansen,Jr,P,NMHU,2013,3,12,5,5,2,0.833,0,5,0,1,0,0,No
Hayes,Jr,INF,NMHU,2013,3,131,38,85,8,0.939,13,0,0,0,0,0,No
Hernandez,Jr,P,NMHU,2013,3,13,3,9,1,0.923,0,11,2,0.846,0,0,No
Ledford,Jr,INF,NMHU,2013,3,139,128,6,5,0.964,9,0,0,0,0,0,No
Martinez,Jr,P,NMHU,2013,3,0,0,0,0,0,0,0,0,0,0,0,No
Middleton,Jr,OF,NMHU,2013,3,70,69,1,0,1,0,0,0,0,0,0,No
Rodriguez,Jr,INF,NMHU,2013,3,40,12,26,2,0.95,2,0,0,0,0,0,No
Stavinoha,Jr,INF,NMHU,2013,3,18,5,10,3,0.833,3,0,0,0,0,0,No
Brown,Jr,P,NMHU,2014,2,7,2,5,0,1,1,3,2,0.6,0,0,No
Cervantes,Jr,INF,NMHU,2014,2,61,29,28,4,0.934,4,0,0,0,0,0,No
Gonzales,Jr,INF,NMHU,2014,2,200,94,98,8,0.96,27,0,0,0,0,0,No
Harrison,Jr,P,NMHU,2014,2,18,2,15,1,0.944,1,9,8,0.529,0,0,No
Hicks,Jr,P,NMHU,2014,2,0,0,0,0,0,0,2,0,1,0,0,No
McCasland,Jr,C,NMHU,2014,2,258,208,45,5,0.981,0,39,24,0.619,8,1,No
McRae,Jr,P,NMHU,2014,2,9,2,7,0,1,0,0,5,0,0,0,No
Ratterman,Jr,OF,NMHU,2014,2,69,63,1,5,0.928,0,0,0,0,0,0,No
Settles,Jr,P,NMHU,2014,2,5,0,5,0,1,0,3,2,0.6,0,0,No
Sordia,Jr,INF,NMHU,2014,2,15,15,0,0,1,4,0,0,0,0,0,No
Stanton,Jr,C,NMHU,2014,2,31,29,0,2,0.935,0,0,0,0,0,0,No
Wilmer,Jr,OF,NMHU,2014,2,70,65,3,2,0.971,0,0,0,0,0,0,No
Young,Jr,OF,NMHU,2014,2,20,17,3,0,1,1,0,0,0,0,0,No
Brandon,Jr,P, NMHU ,2015,5,11 ,0 ,9 ,2 ,.818 ,0 ,10 ,4 ,.714 ,0 ,0 ,No
Caporal,Jr,INF, NMHU ,2015,5,228 ,76 ,145 ,7 ,.969 ,25 ,0 ,0 ,0 ,0 ,0 ,No
Demarest,Jr,P, NMHU ,2015,5,3 ,2 ,1 ,0 ,1.000 ,0 ,0 ,0 ,0 ,0 ,0 ,No
Fudge,Jr,OF, NMHU ,2015,5,57 ,52 ,1 ,4 ,.930 ,0 ,0 ,0 ,0 ,0 ,0 ,No
Gutierrez,Jr,P, NMHU ,2015,5,8 ,1 ,7 ,0 ,1.000 ,1 ,2 ,1 ,.667 ,0 ,0 ,No
Moroyoqui,Jr,P, NMHU ,2015,5,2 ,0 ,2 ,0 ,1.000 ,0 ,0 ,0 ,0 ,0 ,0 ,No
Agosto,Jr,P, NMHU ,2016,7,1 ,0 ,1 ,0 ,1.000 ,0 ,4 ,0 ,1.000 ,0 ,0 ,No
Bishop,Jr,P, NMHU ,2016,7,1 ,0 ,1 ,0 ,1.000 ,0 ,0 ,1 ,.000 ,0 ,0 ,No
Blackwell,Jr,UT, NMHU ,2016,7,5 ,4 ,0 ,1 ,.800 ,0 ,0 ,0 ,0 ,0 ,0 ,No
Castro,Jr,UT, NMHU ,2016,7,39 ,16 ,21 ,2 ,.949 ,7 ,0 ,0 ,0 ,0 ,0 ,No
Chaparro,Jr,OF, NMHU ,2016,7,67 ,59 ,4 ,4 ,.940 ,0 ,0 ,0 ,0 ,0 ,0 ,No
Drury,Jr,OF, NMHU ,2016,7,56 ,53 ,2 ,1 ,.982 ,5 ,0 ,0 ,0 ,0 ,0 ,No
Garcia,Jr,OF, NMHU ,2016,7,113 ,111 ,0 ,2 ,.982 ,0 ,0 ,0 ,0 ,0 ,0 ,No
Lawson,Jr,P, NMHU ,2016,7,14 ,1 ,12 ,1 ,.929 ,0 ,12 ,4 ,.750 ,0 ,0 ,No
McCarty,Jr,OF, NMHU ,2016,7,126 ,120 ,4 ,2 ,.984 ,0 ,0 ,0 ,0 ,0 ,0 ,No
Medina,Jr,C, NMHU ,2016,7,205 ,190 ,12 ,3 ,.985 ,2 ,49 ,8 ,.860 ,7 ,0 ,No
Nelson,Jr,P, NMHU ,2016,7,3 ,0 ,3 ,0 ,1.000 ,0 ,3 ,0 ,1.000 ,0 ,0 ,No
Norris,Jr,P, NMHU ,2016,7,3 ,1 ,2 ,0 ,1.000 ,1 ,5 ,1 ,.833 ,0 ,0 ,No
Siedlecki,Jr,P, NMHU ,2016,7,10 ,5 ,4 ,1 ,.900 ,0 ,6 ,2 ,.750 ,0 ,0 ,No
Sielinski,Jr,C, NMHU ,2016,7,78 ,69 ,8 ,1 ,.987 ,0 ,21 ,4 ,.840 ,8 ,0 ,No
Silva,Jr,INF, NMHU ,2016,7,315 ,281 ,28 ,6 ,.981 ,31 ,0 ,0 ,0 ,0 ,0 ,No
Smithson,Jr,C, NMHU ,2016,7,2 ,2 ,0 ,0 ,1.000 ,0 ,0 ,0 ,0 ,0 ,0 ,No
Stanage,Jr,UT, NMHU ,2016,7,33 ,12 ,20 ,1 ,.970 ,6 ,0 ,0 ,0 ,0 ,0 ,No
Trujillo,Jr,P, NMHU ,2016,7,8 ,1 ,7 ,0 ,1.000 ,0 ,11 ,2 ,.846 ,0 ,0 ,No
Bedsole,Jr,P, NMHU ,2017,7,9 ,3 ,6 ,0 ,1.000 ,1 ,3 ,0 ,1.000 ,0 ,0 ,No
Brennan,Jr,P, NMHU ,2017,7,3 ,0 ,2 ,1 ,.667 ,0 ,0 ,0 ,0 ,0 ,0 ,No
Cordova,Jr,C, NMHU ,2017,7,220 ,179 ,32 ,9 ,.959 ,0 ,34 ,10 ,.773 ,9 ,1 ,No
Herrera,Jr,P, NMHU ,2017,7,1 ,0 ,1 ,0 ,1.000 ,0 ,1 ,0 ,1.000 ,0 ,0 ,No
Inman,Jr,INF, NMHU ,2017,7,9 ,9 ,0 ,0 ,1.000 ,0 ,0 ,0 ,0 ,0 ,0 ,No
Martin,Jr,P, NMHU ,2017,7,7 ,1 ,6 ,0 ,1.000 ,0 ,1 ,2 ,.333 ,0 ,0 ,No
O'Keefe,Jr,OF, NMHU ,2017,7,3 ,3 ,0 ,0 ,1.000 ,0 ,0 ,0 ,0 ,0 ,0 ,No
Ornelas,Jr,INF, NMHU ,2017,7,128 ,30 ,86 ,12 ,.906 ,6 ,0 ,0 ,0 ,0 ,0 ,No
Pacheco,Jr,P, NMHU ,2017,7,11 ,0 ,10 ,1 ,.909 ,0 ,7 ,4 ,.636 ,0 ,0 ,No
Perez,Jr,OF, NMHU ,2017,7,70 ,63 ,4 ,3 ,.957 ,1 ,0 ,0 ,0 ,0 ,0 ,No
Simmons,Jr,INF, NMHU ,2017,7,178 ,58 ,101 ,19 ,.893 ,24 ,0 ,0 ,0 ,0 ,0 ,No
Gustin,Jr,OF,RU,2013,4,36,34,2,0,1,0,0,0,0,0,0,No
Koch,Jr,P,RU,2013,4,2,0,2,0,1,0,0,0,0,0,0,No
Mielnicki,Jr,P,RU,2013,4,1,0,1,0,1,0,1,1,0.5,0,0,No
Piazza,Jr,INF,RU,2013,4,372,345,24,3,0.992,30,0,0,0,0,0,No
Picconi,Jr,P,RU,2013,4,0,0,0,0,0,0,0,0,0,0,0,No
Porras,Jr,OF,RU,2013,4,10,9,0,1,0.9,0,0,0,0,0,0,No
Rollinson,Jr,OF,RU,2013,4,2,2,0,0,1,0,0,0,0,0,0,No
Ross,Jr,P,RU,2013,4,8,2,6,0,1,0,1,0,1,0,0,No
Schicktanz,Jr,INF,RU,2013,4,98,29,62,7,0.929,4,0,0,0,0,0,No
Shoutta,Jr,DH,RU,2013,4,58,53,3,2,0.966,5,0,0,0,0,0,No
Tosches,Jr,OF,RU,2013,4,9,8,0,1,0.889,1,0,0,0,0,0,No
Blaylock,Jr,P,RU,2014,5,3,1,2,0,1,0,2,1,0.667,0,0,No
Hemphill,Jr,P,RU,2014,5,6,0,4,2,0.667,1,1,1,0.5,0,0,No
Heyliger,Jr,P,RU,2014,5,3,1,2,0,1,0,6,1,0.857,0,0,No
Kesthely,Jr,C,RU,2014,5,80,65,10,5,0.938,0,17,5,0.773,4,0,No
Knox,Jr,INF,RU,2014,5,205,75,123,7,0.966,24,0,0,0,0,0,No
Overboe,Jr,C, RU ,2015,7,70 ,60 ,10 ,0 ,1.000 ,0 ,6 ,8 ,.429 ,2 ,0 ,No
Sture,Jr,OF, RU ,2015,7,23 ,21 ,2 ,0 ,1.000 ,0 ,0 ,0 ,0 ,0 ,0 ,No
Waterman,Jr,P, RU ,2015,7,2 ,2 ,0 ,0 ,1.000 ,0 ,0 ,0 ,0 ,0 ,0 ,No
Byers,Jr,OF, RU ,2015,7,68 ,66 ,0 ,2 ,.971 ,0 ,0 ,0 ,0 ,0 ,0 ,No
McGrady,Jr,INF, RU ,2015,7,64 ,59 ,3 ,2 ,.969 ,0 ,0 ,0 ,0 ,0 ,0 ,No
Benedict,Jr,INF, RU ,2015,7,113 ,63 ,46 ,4 ,.965 ,2 ,5 ,2 ,.714 ,5 ,0 ,No
Navarro,Jr,INF, RU ,2015,7,28 ,26 ,1 ,1 ,.964 ,2 ,0 ,0 ,0 ,0 ,0 ,No
Burciaga,Jr,INF, RU ,2015,7,128 ,96 ,26 ,6 ,.953 ,5 ,18 ,1 ,.947 ,9 ,1 ,No
LaComb,Jr,INF, RU ,2015,7,185 ,69 ,106 ,10 ,.946 ,25 ,0 ,0 ,0 ,0 ,0 ,No
Schwein,Jr,P, RU ,2015,7,24 ,8 ,14 ,2 ,.917 ,0 ,7 ,1 ,.875 ,0 ,0 ,No
Kennedy,Jr,P, RU ,2015,7,7 ,0 ,6 ,1 ,.857 ,1 ,5 ,1 ,.833 ,0 ,0 ,No
Long,Jr,P, RU ,2015,7,4 ,0 ,2 ,2 ,.500 ,0 ,7 ,0 ,1.000 ,0 ,0 ,No
Montano,Jr,P, RU ,2016,6,9 ,2 ,7 ,0 ,1.000 ,0 ,3 ,2 ,.600 ,0 ,0 ,No
Potter,Jr,OF, RU ,2016,6,4 ,4 ,0 ,0 ,1.000 ,0 ,0 ,0 ,0 ,0 ,0 ,No
Newell,Jr,OF, RU ,2016,6,66 ,62 ,3 ,1 ,.985 ,0 ,0 ,0 ,0 ,0 ,0 ,No
Fabricant,Jr,INF, RU ,2016,6,157 ,44 ,95 ,18 ,.885 ,18 ,0 ,0 ,0 ,0 ,0 ,No
Thoutt,Jr,P, RU ,2016,6,7 ,1 ,5 ,1 ,.857 ,0 ,8 ,3 ,.727 ,0 ,0 ,No
DiPaola,Jr,P, RU ,2016,6,5 ,0 ,3 ,2 ,.600 ,0 ,0 ,0 ,0 ,0 ,0 ,No
O'Brien,Jr,P, RU ,2016,6,2 ,0 ,1 ,1 ,.500 ,0 ,3 ,0 ,1.000 ,0 ,0 ,No
Bitar,Jr,C, RU ,2017,6,49 ,46 ,3 ,0 ,1.000 ,0 ,8 ,0 ,1.000 ,6 ,0 ,No
Bryniarski,Jr,INF, RU ,2017,6,461 ,421 ,25 ,15 ,.967 ,37 ,0 ,0 ,0 ,0 ,0 ,No
Dedin,Jr,INF, RU ,2017,6,10 ,9 ,1 ,0 ,1.000 ,2 ,0 ,0 ,0 ,0 ,0 ,No
Gotsis,Jr,P, RU ,2017,6,18 ,4 ,13 ,1 ,.944 ,0 ,6 ,1 ,.857 ,0 ,0 ,No
Griffith,Jr,P, RU ,2017,6,1 ,1 ,0 ,0 ,1.000 ,0 ,3 ,2 ,.600 ,0 ,0 ,No
Kenny,Jr,P, RU ,2017,6,8 ,1 ,7 ,0 ,1.000 ,0 ,7 ,1 ,.875 ,0 ,0 ,No
Kobar,Jr,C, RU ,2017,6,295 ,252 ,40 ,3 ,.990 ,0 ,41 ,16 ,.719 ,10 ,0 ,No
Quackenbush,Jr,P, RU ,2017,6,17 ,5 ,10 ,2 ,.882 ,1 ,7 ,3 ,.700 ,0 ,0 ,No
Rochon,Jr,INF, RU ,2017,6,6 ,6 ,0 ,0 ,1.000 ,0 ,0 ,0 ,0 ,0 ,0 ,No
Skillings,Jr,INF, RU ,2017,6,140 ,30 ,96 ,14 ,.900 ,5 ,0 ,0 ,0 ,0 ,0 ,No
Aufderheide,Jr,P, UCCS ,2017,5,14 ,6 ,8 ,0 ,1.000 ,0 ,7 ,1 ,.875 ,0 ,0 ,No
Chapin,Jr,C, UCCS ,2017,5,100 ,82 ,15 ,3 ,.970 ,0 ,17 ,9 ,.654 ,6 ,0 ,No
Chapin,Jr,INF, UCCS ,2017,5,47 ,42 ,3 ,2 ,.957 ,0 ,0 ,0 ,0 ,0 ,0 ,No
Hall,Jr,OF, UCCS ,2017,5,87 ,83 ,2 ,2 ,.977 ,0 ,0 ,0 ,0 ,0 ,0 ,No
Hochmuth,Jr,INF, UCCS ,2017,5,43 ,42 ,1 ,0 ,1.000 ,5 ,0 ,0 ,0 ,0 ,0 ,No
Keil,Jr,OF, UCCS ,2017,5,22 ,19 ,2 ,1 ,.955 ,0 ,0 ,0 ,0 ,0 ,0 ,No
Neeley,Jr,P, UCCS ,2017,5,9 ,0 ,8 ,1 ,.889 ,0 ,6 ,5 ,.545 ,0 ,0 ,No
Pratt,Jr,P, UCCS ,2017,5,10 ,0 ,10 ,0 ,1.000 ,0 ,1 ,1 ,.500 ,0 ,0 ,No
Alexander,Jr ,P, CSM ,2015,6,91 ,64 ,22 ,5 ,.945 ,10 ,0 ,0 ,0 ,0 ,0 ,No
Bevan,Jr ,INF, CSM ,2015,6,59 ,18 ,36 ,5 ,.915 ,8 ,0 ,0 ,0 ,0 ,0 ,No
Kovach,Jr ,P, CSM ,2015,6,1 ,0 ,1 ,0 ,1.000 ,0 ,0 ,0 ,0 ,0 ,0 ,No
Olinger,Jr ,UT, CSM ,2015,6,146 ,119 ,19 ,8 ,.945 ,9 ,5 ,2 ,.714 ,0 ,0 ,No
Ramos,Jr ,INF, CSM ,2015,6,43 ,11 ,27 ,5 ,.884 ,5 ,0 ,0 ,0 ,0 ,0 ,No
Rodgers,Jr ,P, CSM ,2015,6,8 ,2 ,4 ,2 ,.750 ,0 ,8 ,3 ,.727 ,0 ,0 ,No
Rooney,Jr ,P, CSM ,2015,6,20 ,5 ,15 ,0 ,1.000 ,1 ,5 ,3 ,.625 ,0 ,0 ,No
Wardle,Jr ,INF, CSM ,2017,2,60 ,19 ,37 ,4 ,.933 ,9 ,0 ,0 ,0 ,0 ,0 ,No
Martinez,RFr,C,CSUP,2013,2,8,8,0,0,1,0,0,0,0,2,0,No
Mondragon,RFr,UT,CSUP,2014,3,5,5,0,0,1,0,0,0,0,0,0,No
Vinci,RFr,INF,CSUP,2014,3,4,1,2,1,0.75,1,0,0,0,0,0,No
Bybee,R-Fr,INF,ASU,2014,6,0,0,0,0,0,0,0,0,0,0,0,No
Cantwell,R-Fr,C,CMU,2013,1,0,0,0,0,0,0,0,0,0,0,0,No
Samuels,R-Fr,INF,CMU,2013,1,0,0,0,0,0,0,0,0,0,0,0,No
Ballard,R-Fr,P, CMU ,2015,1,4 ,1 ,3 ,0 ,1.000 ,0 ,1 ,2 ,.333 ,0 ,0 ,No
Ballard,R-Fr,OF, CMU ,2015,1,1 ,1 ,0 ,0 ,1.000 ,0 ,0 ,1 ,.000 ,0 ,0 ,No
Cremers,R-Fr,P, CMU ,2016,1,0 ,0 ,0 ,0 ,.000 ,0 ,0 ,0 ,0 ,0 ,0 ,No
Shapiro,R-Fr,OF, CMU ,2016,1,3 ,3 ,0 ,0 ,1.000 ,0 ,0 ,0 ,0 ,0 ,0 ,No
Goldsmith,R-Fr,OF,CSM,2013,5,2,2,0,0,1,0,0,0,0,0,0,No
Maloney,R-Fr,C,CSM,2013,5,9,8,0,1,0.889,0,0,0,0,0,1,No
Martinez,R-Fr,INF,CSM,2013,5,17,8,9,0,1,1,0,0,0,0,0,No
Thomas,R-Fr,INF, CSM ,2015,6,23 ,19 ,3 ,1 ,.957 ,2 ,0 ,0 ,0 ,0 ,0 ,No
Howard,R-Fr,INF, CSM ,2016,2,2 ,0 ,2 ,0 ,1.000 ,0 ,0 ,0 ,0 ,0 ,0 ,No
Moxley,R-Fr,C, CSM ,2016,2,1 ,0 ,1 ,0 ,1.000 ,1 ,1 ,3 ,.250 ,0 ,0 ,No
Roberts,R-Fr,P, CSM ,2016,2,1 ,0 ,0 ,1 ,.000 ,0 ,0 ,1 ,.000 ,0 ,0 ,No
Gardner,R-Fr,P, CSM ,2017,2,3 ,3 ,0 ,0 ,1.000 ,0 ,0 ,0 ,0 ,0 ,0 ,No
Kehe,R-Fr,OF, CSM ,2017,2,62 ,58 ,4 ,0 ,1.000 ,0 ,0 ,0 ,0 ,0 ,0 ,No
Slusser,R-Fr,OF, CSM ,2017,2,3 ,0 ,3 ,0 ,1.000 ,0 ,0 ,0 ,0 ,0 ,0 ,No
Stinson,R-Fr,INF, CSM ,2017,2,1 ,0 ,1 ,0 ,1.000 ,0 ,0 ,0 ,0 ,0 ,0 ,No
Hernandez,R-Fr,P, CSUP ,2015,2,0 ,0 ,0 ,0 ,.000 ,0 ,0 ,0 ,0 ,0 ,0 ,No
Arellano,R-Fr,INF, CSUP ,2017,4,2 ,0 ,2 ,0 ,1.000 ,0 ,0 ,0 ,0 ,0 ,0 ,No
Smith,R-Fr,INF, CSUP ,2017,4,30 ,28 ,1 ,1 ,.967 ,0 ,0 ,0 ,0 ,0 ,0 ,No
Baca,R-Fr,P,MSUD,2014,7,13,4,9,0,1,0,6,2,0.75,0,0,No
Donaldson,R-Fr,INF, MSUD ,2015,3,67 ,47 ,18 ,2 ,.970 ,2 ,0 ,0 ,0 ,0 ,0 ,No
Garcia,R-Fr,P, MSUD ,2015,3,14 ,2 ,11 ,1 ,.929 ,0 ,5 ,5 ,.500 ,0 ,0 ,No
Maloney,R-Fr,INF, MSUD ,2015,3,118 ,28 ,83 ,7 ,.941 ,6 ,0 ,0 ,0 ,0 ,0 ,No
Hogoboom,R-Fr,P, MSUD ,2016,5,6 ,0 ,5 ,1 ,.833 ,0 ,0 ,1 ,.000 ,0 ,0 ,No
Arnold,R-Fr,P, MSUD ,2017,3,0 ,0 ,0 ,0 ,.000 ,0 ,0 ,0 ,0 ,0 ,0 ,No
Adams,R-Fr,P,NMHU,2014,2,0,0,0,0,0,0,0,0,0,0,0,No
Demarest,R-Fr,P,NMHU,2014,2,0,0,0,0,0,0,0,0,0,0,0,No
Hynes,R-Fr,P, NMHU ,2015,5,5 ,2 ,2 ,1 ,.800 ,0 ,5 ,1 ,.833 ,0 ,0 ,No
Heflebower,R-Fr,INF, RU ,2016,6,79 ,16 ,59 ,4 ,.949 ,11 ,0 ,0 ,0 ,0 ,0 ,No
Adamscheck,R-Fr,P, UCCS ,2017,5,0 ,0 ,0 ,0 ,.000 ,0 ,2 ,0 ,1.000 ,0 ,0 ,No
Mallon,R-Fr,INF, UCCS ,2017,5,350 ,319 ,27 ,4 ,.989 ,36 ,0 ,0 ,0 ,0 ,0 ,No
Matheny,R-Fr,OF, UCCS ,2017,5,72 ,65 ,4 ,3 ,.958 ,1 ,0 ,0 ,0 ,0 ,0 ,No
Rubino,R-Fr,UT, UCCS ,2017,5,1 ,0 ,1 ,0 ,1.000 ,0 ,0 ,0 ,0 ,0 ,0 ,No
Gaasback,R-Jr,P, ASU ,2015,4,0 ,0 ,0 ,0 ,.000 ,0 ,0 ,0 ,0 ,0 ,0 ,No
Bybee,R-Jr,INF, ASU ,2016,4,3 ,1 ,2 ,0 ,1.000 ,0 ,0 ,0 ,0 ,0 ,0 ,No
Morain,R-Jr,INF, ASU ,2017,9,85 ,81 ,2 ,2 ,.976 ,6 ,0 ,0 ,0 ,0 ,0 ,No
Gallegos,R-Jr,OF, CCU ,2017,8,87 ,84 ,2 ,1 ,.989 ,0 ,0 ,0 ,0 ,0 ,0 ,No
Chavez,R-Jr,OF,CMU,2013,1,0,0,0,0,0,0,0,0,0,0,0,No
Allianic,R-Jr,P,CMU,2014,1,2,0,2,0,1,0,1,2,0.333,0,0,No
Wallingford,R-Jr,C,CMU,2014,1,234,204,24,6,0.974,1,29,10,0.744,1,2,No
Chamberlin,R-Jr,OF, CMU ,2015,1,1 ,1 ,0 ,0 ,1.000 ,0 ,0 ,0 ,0 ,0 ,0 ,No
Brown,R-Jr,C,CSM,2014,4,228,200,25,3,0.987,9,21,5,0.808,2,0,No
Martinez,R-Jr,INF, CSM ,2015,6,12 ,4 ,7 ,1 ,.917 ,0 ,0 ,0 ,0 ,0 ,0 ,No
Kovach,R-Jr,P, CSM ,2016,2,1 ,0 ,1 ,0 ,1.000 ,0 ,3 ,0 ,1.000 ,0 ,0 ,No
Martin,R-Jr,P, CSM ,2016,2,12 ,3 ,9 ,0 ,1.000 ,1 ,3 ,1 ,.750 ,0 ,0 ,No
Martinez,R-Jr,INF, CSM ,2016,2,60 ,17 ,36 ,7 ,.883 ,5 ,0 ,0 ,0 ,0 ,0 ,No
Tanner,R-Jr,P, CSM ,2016,2,0 ,0 ,0 ,0 ,.000 ,0 ,0 ,0 ,0 ,0 ,0 ,No
Thomas,R-Jr,INF, CSM ,2017,2,12 ,1 ,11 ,0 ,1.000 ,0 ,3 ,8 ,.273 ,0 ,0 ,No
Doucette,R-Jr,C, CSUP ,2016,3,63 ,60 ,3 ,0 ,1.000 ,0 ,2 ,0 ,1.000 ,0 ,0 ,No
Megyeri,R-Jr,P, CSUP ,2016,3,3 ,0 ,3 ,0 ,1.000 ,0 ,3 ,0 ,1.000 ,0 ,0 ,No
Cruz,R-Jr,INF, CSUP ,2017,4,6 ,4 ,2 ,0 ,1.000 ,0 ,0 ,0 ,0 ,0 ,0 ,No
Halsey,R-Jr,P, CSUP ,2017,4,0 ,0 ,0 ,0 ,.000 ,0 ,2 ,0 ,1.000 ,0 ,0 ,No
Gojan,R-Jr,P,MSUD,2014,7,10,1,9,0,1,1,6,4,0.6,0,0,No
Chavez,R-Jr,UT,NMHU,2014,2,74,68,5,1,0.986,7,0,0,0,0,0,No
Catera,R-Jr,INF, RU ,2016,6,38 ,36 ,2 ,0 ,1.000 ,2 ,0 ,0 ,0 ,0 ,0 ,No
Mulhern,R-Jr,OF, RU ,2016,6,3 ,2 ,1 ,0 ,1.000 ,0 ,4 ,1 ,.800 ,0 ,0 ,No
Bone,R-Jr,OF, UCCS ,2017,5,0 ,0 ,0 ,0 ,.000 ,0 ,0 ,0 ,0 ,0 ,0 ,No
Butz,R-Jr,INF, UCCS ,2017,5,0 ,0 ,0 ,0 ,.000 ,0 ,0 ,0 ,0 ,0 ,0 ,No
Crabtree,R-Jr,C, UCCS ,2017,5,206 ,181 ,18 ,7 ,.966 ,1 ,27 ,8 ,.771 ,9 ,0 ,No
Felton,R-Jr,P, UCCS ,2017,5,9 ,3 ,5 ,1 ,.889 ,0 ,8 ,1 ,.889 ,0 ,0 ,No
Martinez,R-Jr,OF, UCCS ,2017,5,76 ,73 ,1 ,2 ,.974 ,0 ,0 ,0 ,0 ,0 ,0 ,No
Williams,R-Jr,P, UCCS ,2017,5,1 ,1 ,0 ,0 ,1.000 ,0 ,8 ,1 ,.889 ,0 ,0 ,No
Bradshaw,R-So,P,ASU,2014,6,1,0,1,0,1,0,1,0,1,0,0,No
Bradshaw,R-So,P,ASU,2014,6,8,7,0,1,0.875,0,3,0,1,0,1,No
Brennan,R-So,P, ASU ,2017,9,18 ,6 ,12 ,0 ,1.000 ,0 ,16 ,3 ,.842 ,0 ,0 ,No
Huffaker,R-So,OF, ASU ,2017,9,36 ,29 ,2 ,5 ,.861 ,0 ,0 ,0 ,0 ,0 ,0 ,No
Robirtis,R-So,P,CMU,2013,1,2,1,0,1,0.5,0,2,0,1,0,0,No
Wallingford,R-So,C,CMU,2013,1,26,24,2,0,1,0,0,0,0,0,0,No
Cantwell,R-So,C,CMU,2014,1,3,1,2,0,1,0,0,0,0,0,0,No
Ehlers,R-So,P,CMU,2014,1,4,0,2,2,0.5,0,2,0,1,0,0,No
Samuels,R-So,INF,CMU,2014,1,11,5,6,0,1,0,0,0,0,0,0,No
Johnson,R-So,INF, CMU ,2017,1,3 ,1 ,2 ,0 ,1.000 ,0 ,0 ,0 ,0 ,0 ,0 ,No
Shapiro,R-So,OF, CMU ,2017,1,9 ,9 ,0 ,0 ,1.000 ,0 ,0 ,0 ,0 ,0 ,0 ,No
Brown,R-So,C,CSM,2013,5,162,151,10,1,0.994,10,6,2,0.75,2,0,No
Brown,R-So,P,CSM,2013,5,15,5,9,1,0.933,1,8,2,0.8,0,0,No
Chavarri,R-So,OF,CSM,2013,5,11,9,1,1,0.909,0,0,0,0,0,0,No
Gilman,R-So,P,CSM,2013,5,19,4,14,1,0.947,0,4,5,0.444,0,0,No
Ihme,R-So,INF,CSM,2013,5,0,0,0,0,0,0,0,0,0,0,0,No
Martin,R-So,P, CSM ,2015,6,4 ,2 ,2 ,0 ,1.000 ,0 ,3 ,5 ,.375 ,0 ,0 ,No
Tanner,R-So,P, CSM ,2015,6,2 ,0 ,1 ,1 ,.500 ,0 ,0 ,0 ,0 ,0 ,0 ,No
Thomas,R-So,INF, CSM ,2016,2,13 ,0 ,13 ,0 ,1.000 ,0 ,2 ,2 ,.500 ,0 ,0 ,No
Howard,R-So,INF, CSM ,2017,2,1 ,0 ,0 ,1 ,.000 ,0 ,0 ,0 ,0 ,0 ,0 ,No
Moxley,R-So,P, CSM ,2017,2,6 ,3 ,3 ,0 ,1.000 ,0 ,0 ,0 ,0 ,0 ,0 ,No
Roberts,R-So,P, CSM ,2017,2,2 ,1 ,1 ,0 ,1.000 ,0 ,2 ,0 ,1.000 ,0 ,0 ,No
Megyeri,R-So,P, CSUP ,2015,2,2 ,1 ,1 ,0 ,1.000 ,0 ,2 ,0 ,1.000 ,0 ,0 ,No
Vinci,R-So,INF, CSUP ,2015,2,9 ,4 ,4 ,1 ,.889 ,1 ,0 ,0 ,0 ,0 ,0 ,No
Gojan,R-So,P,MSUD,2013,6,30,8,19,3,0.9,1,9,4,0.692,0,0,No
Heibult,R-So,P, RU ,2017,6,8 ,1 ,7 ,0 ,1.000 ,0 ,11 ,4 ,.733 ,0 ,0 ,No
Chavez,R-So,P, UCCS ,2017,5,1 ,1 ,0 ,0 ,1.000 ,0 ,0 ,0 ,0 ,0 ,0 ,No
Johnson,R-So,INF, UCCS ,2017,5,28 ,8 ,18 ,2 ,.929 ,4 ,0 ,0 ,0 ,0 ,0 ,No
Slocum,R-So,P, UCCS ,2017,5,9 ,4 ,4 ,1 ,.889 ,0 ,0 ,0 ,0 ,0 ,0 ,No
Bybee,R-Sr,INF, ASU ,2017,9,26 ,13 ,10 ,3 ,.885 ,1 ,0 ,0 ,0 ,0 ,0 ,No
Sigrist,R-Sr,P, CCU ,2017,8,0 ,0 ,0 ,0 ,.000 ,0 ,2 ,0 ,1.000 ,0 ,0 ,No
Chavez,R-Sr,OF,CMU,2014,1,3,3,0,0,1,0,0,0,0,0,0,No
Roberts,R-Sr,P, CMU ,2016,1,3 ,0 ,3 ,0 ,1.000 ,1 ,1 ,1 ,.500 ,0 ,0 ,No
Brown,R-Sr,C, CSM ,2015,6,277 ,240 ,33 ,4 ,.986 ,13 ,14 ,17 ,.452 ,4 ,0 ,No
Chavarria,R-Sr,OF, CSM ,2015,6,62 ,57 ,3 ,2 ,.968 ,1 ,0 ,0 ,0 ,0 ,0 ,No
Schillinger,R-Sr,C, CSM ,2016,2,76 ,62 ,13 ,1 ,.987 ,0 ,12 ,10 ,.545 ,2 ,0 ,No
Martin,R-Sr,P, CSM ,2017,2,2 ,1 ,1 ,0 ,1.000 ,0 ,0 ,1 ,.000 ,0 ,0 ,No
Tanner,R-Sr,P, CSM ,2017,2,1 ,0 ,1 ,0 ,1.000 ,0 ,0 ,0 ,0 ,0 ,0 ,No
Rimer,R-Sr,P, CSUP ,2015,2,17 ,5 ,11 ,1 ,.941 ,0 ,4 ,1 ,.800 ,0 ,0 ,No
Brandon,R-Sr,P, NMHU ,2017,7,2 ,0 ,2 ,0 ,1.000 ,0 ,1 ,1 ,.500 ,0 ,0 ,No
Hemphill,R-Sr,P, RU ,2016,6,3 ,2 ,1 ,0 ,1.000 ,1 ,0 ,0 ,0 ,0 ,0 ,No
Smith,R-Sr,Utl., RU ,2017,6,38 ,30 ,4 ,4 ,.895 ,0 ,0 ,0 ,0 ,0 ,0 ,No
Gordon,R-Sr,P, UCCS ,2017,5,0 ,0 ,0 ,0 ,.000 ,0 ,1 ,2 ,.333 ,0 ,0 ,No
Lacayo,R-Sr,C, UCCS ,2017,5,36 ,34 ,1 ,1 ,.972 ,0 ,8 ,0 ,1.000 ,2 ,0 ,No
Bollig,So,INF,ASU,2014,6,191,95,79,17,0.911,17,0,0,0,0,0,No
Cox,So,OF,ASU,2014,6,4,4,0,0,1,0,0,0,0,0,0,No
English,So,P,ASU,2014,6,0,0,0,0,0,0,1,0,1,0,0,No
Granzella,So,OF,ASU,2014,6,38,37,0,1,0.974,0,0,0,0,0,0,No
Jones,So,OF,ASU,2014,6,1,1,0,0,1,0,0,0,0,0,0,No
Moldenhauer,So,C,ASU,2014,6,79,68,8,3,0.962,0,40,4,0.909,0,0,No
Morley,So,OF,ASU,2014,6,139,134,3,2,0.986,0,0,0,0,0,0,No
Nutsch,So,INF,ASU,2014,6,0,0,0,0,0,0,0,0,0,0,0,No
Thurston,So,INF,ASU,2014,6,129,39,80,10,0.922,10,0,0,0,0,0,No
Wells,So,INF,ASU,2014,6,226,216,7,3,0.987,23,0,0,0,0,0,No
Wiemers,So,P,ASU,2014,6,12,1,9,2,0.833,1,14,6,0.7,0,0,No
Bybee,So,INF, ASU ,2015,4,6 ,1 ,5 ,0 ,1.000 ,1 ,0 ,0 ,0 ,0 ,0 ,No
Edgington,So,C, ASU ,2015,4,4 ,3 ,1 ,0 ,1.000 ,0 ,0 ,0 ,0 ,0 ,0 ,No
Ferguson,So,P, ASU ,2015,4,0 ,0 ,0 ,0 ,.000 ,0 ,0 ,0 ,0 ,0 ,0 ,No
Garmendia,So,INF, ASU ,2015,4,88 ,28 ,49 ,11 ,.875 ,2 ,0 ,0 ,0 ,0 ,0 ,No
Heaton,So,OF, ASU ,2015,4,6 ,4 ,0 ,2 ,.667 ,0 ,0 ,0 ,0 ,0 ,0 ,No
Sherry,So,P, ASU ,2015,4,5 ,1 ,4 ,0 ,1.000 ,1 ,6 ,0 ,1.000 ,0 ,0 ,No
Garcia,So,P, ASU ,2016,4,15 ,7 ,8 ,0 ,1.000 ,0 ,12 ,7 ,.632 ,0 ,0 ,No
Carleo,So,P, ASU ,2017,9,1 ,0 ,1 ,0 ,1.000 ,0 ,0 ,0 ,0 ,0 ,0 ,No
Barnard,So,Inf,CCU,2013,8,112,45,58,9,0.92,8,0,0,0,0,0,No
Brower,So,P,CCU,2013,8,0,0,0,0,0,0,2,0,1,0,0,No
Creekmur,So,P,CCU,2013,8,0,0,0,0,0,0,0,0,0,0,0,No
Heath,So,P,CCU,2013,8,3,0,2,1,0.667,0,11,1,0.917,0,0,No
McMahon,So,INF,CCU,2013,8,98,37,53,8,0.918,5,0,0,0,0,0,No
Moore,So,P,CCU,2014,8,3,1,1,1,0.667,0,5,1,0.833,0,0,No
Reynolds,So,P,CCU,2014,8,2,0,1,1,0.5,0,3,0,1,0,0,No
Atkerson,So,P, CCU ,2015,8,21 ,12 ,7 ,2 ,.905 ,0 ,12 ,3 ,.800 ,0 ,0 ,No
Graves,So,P, CCU ,2015,8,8 ,3 ,4 ,1 ,.875 ,0 ,10 ,2 ,.833 ,0 ,0 ,No
Hesselberg,So,INF, CCU ,2015,8,173 ,73 ,98 ,2 ,.988 ,27 ,0 ,0 ,0 ,0 ,0 ,No
Scott,So,INF, CCU ,2015,8,200 ,71 ,109 ,20 ,.900 ,16 ,0 ,0 ,0 ,0 ,0 ,No
Bayles,So,C, CCU ,2016,8,6 ,6 ,0 ,0 ,1.000 ,0 ,0 ,0 ,0 ,0 ,0 ,No
Brenton,So,INF, CCU ,2016,8,85 ,31 ,45 ,9 ,.894 ,4 ,0 ,0 ,0 ,0 ,0 ,No
Cantrell,So,P, CCU ,2016,8,6 ,2 ,3 ,1 ,.833 ,0 ,6 ,0 ,1.000 ,0 ,0 ,No
Fontneau,So,P, CCU ,2016,8,3 ,2 ,1 ,0 ,1.000 ,0 ,1 ,0 ,1.000 ,0 ,0 ,No
Hickman,So,OF, CCU ,2016,8,4 ,1 ,1 ,2 ,.500 ,0 ,0 ,0 ,0 ,0 ,0 ,No
Jorgensen,So,P, CCU ,2016,8,6 ,5 ,1 ,0 ,1.000 ,1 ,6 ,0 ,1.000 ,0 ,0 ,No
Marler,So,C, CCU ,2016,8,25 ,22 ,1 ,2 ,.920 ,0 ,12 ,1 ,.923 ,5 ,0 ,No
Pollett,So,C, CCU ,2016,8,40 ,36 ,4 ,0 ,1.000 ,0 ,17 ,2 ,.895 ,0 ,0 ,No
Richardson,So,UT, CCU ,2016,8,67 ,61 ,3 ,3 ,.955 ,2 ,0 ,0 ,0 ,0 ,0 ,No
Weaver,So,P, CCU ,2016,8,12 ,3 ,6 ,3 ,.750 ,0 ,3 ,0 ,1.000 ,0 ,0 ,No
Bote,So,INF, CCU ,2017,8,175 ,74 ,84 ,17 ,.903 ,10 ,1 ,2 ,.333 ,3 ,0 ,No
Fink,So,P, CCU ,2017,8,22 ,6 ,13 ,3 ,.864 ,0 ,9 ,4 ,.692 ,0 ,0 ,No
Ginn,So,P, CCU ,2017,8,69 ,62 ,5 ,2 ,.971 ,2 ,1 ,3 ,.250 ,0 ,0 ,No
Behr,So,P,CMU,2013,1,2,0,1,1,0.5,0,0,0,0,0,0,No
Malone,So,P,CMU,2013,1,1,0,1,0,1,0,0,0,0,0,0,No
Mitchell,So,INF,CMU,2013,1,267,250,16,1,0.996,31,0,0,0,0,0,No
Ross,So,INF,CMU,2013,1,2,1,1,0,1,1,0,0,0,0,0,No
Shemer,So,INF,CMU,2013,1,8,3,5,0,1,0,0,0,0,0,0,No
Valenzuela,So,OF,CMU,2013,1,4,4,0,0,1,0,0,0,0,0,0,No
Allen,So,P,CMU,2014,1,10,2,8,0,1,0,8,3,0.727,0,0,No
Audino,So,INF,CMU,2014,1,70,22,40,8,0.886,2,0,0,0,0,0,No
Druce,So,C, CMU ,2015,1,93 ,90 ,1 ,2 ,.978 ,7 ,0 ,0 ,0 ,0 ,0 ,No
Elcock,So,OF, CMU ,2015,1,36 ,31 ,4 ,1 ,.972 ,1 ,0 ,0 ,0 ,0 ,0 ,No
Elcock,So,INF, CMU ,2015,1,119 ,34 ,66 ,19 ,.840 ,11 ,0 ,0 ,0 ,0 ,0 ,No
Gonzalez,So,OF, CMU ,2015,1,40 ,35 ,2 ,3 ,.925 ,0 ,0 ,0 ,0 ,0 ,0 ,No
Ball,So,INF, CMU ,2016,1,120 ,109 ,9 ,2 ,.983 ,13 ,0 ,0 ,0 ,0 ,0 ,No
Ballard,So,P, CMU ,2016,1,33 ,32 ,0 ,1 ,.970 ,0 ,0 ,0 ,0 ,0 ,0 ,No
Ballard,So,OF, CMU ,2016,1,4 ,0 ,1 ,3 ,.250 ,0 ,2 ,0 ,1.000 ,0 ,0 ,No
Cardinale,So,P, CMU ,2016,1,2 ,0 ,2 ,0 ,1.000 ,0 ,1 ,0 ,1.000 ,0 ,0 ,No
Carr,So,INF, CMU ,2016,1,110 ,44 ,60 ,6 ,.945 ,13 ,0 ,0 ,0 ,0 ,0 ,No
Madris,So,OF, CMU ,2016,1,56 ,54 ,2 ,0 ,1.000 ,4 ,0 ,0 ,0 ,0 ,0 ,No
McLeod,So,INF, CMU ,2016,1,204 ,71 ,129 ,4 ,.980 ,29 ,0 ,0 ,0 ,0 ,0 ,No
Prokopis,So,P, CMU ,2016,1,4 ,0 ,2 ,2 ,.500 ,0 ,0 ,1 ,.000 ,0 ,0 ,No
Sandoval,So,C, CMU ,2016,1,35 ,34 ,1 ,0 ,1.000 ,0 ,3 ,0 ,1.000 ,2 ,0 ,No
Woods,So,INF, CMU ,2016,1,0 ,0 ,0 ,0 ,.000 ,0 ,0 ,0 ,0 ,0 ,0 ,No
Beaudrie,So,P, CMU ,2017,1,2 ,1 ,0 ,1 ,.500 ,0 ,0 ,0 ,0 ,0 ,0 ,No
Dixon,So,INF, CMU ,2017,1,210 ,205 ,4 ,1 ,.995 ,16 ,0 ,0 ,0 ,0 ,0 ,No
Landis,So,P, CMU ,2017,1,5 ,0 ,5 ,0 ,1.000 ,0 ,2 ,0 ,1.000 ,0 ,0 ,No
Leahy,So,P, CMU ,2017,1,16 ,3 ,12 ,1 ,.938 ,1 ,4 ,3 ,.571 ,0 ,0 ,No
McDermott,So,P, CMU ,2017,1,19 ,4 ,13 ,2 ,.895 ,1 ,2 ,4 ,.333 ,0 ,0 ,No
Rempel,So,C, CMU ,2017,1,63 ,58 ,4 ,1 ,.984 ,2 ,0 ,1 ,.000 ,1 ,0,No
Bothwel,So,INF,CSM,2013,5,191,118,64,9,0.953,11,0,0,0,0,0,No
Johnson,So,OF,CSM,2013,5,0,0,0,0,0,0,0,0,0,0,0,No
Patton,So,P,CSM,2013,5,0,0,0,0,0,0,0,0,0,0,0,No
Smith,So,P,CSM,2013,5,0,0,0,0,0,0,0,0,0,0,0,No
Storm,So,P,CSM,2013,5,0,0,0,0,0,0,0,0,0,0,0,No
Touhey,So,P,CSM,2013,5,0,0,0,0,0,0,1,0,1,0,0,No
Alexander,So,P,CSM,2014,4,8,8,0,0,1,2,0,0,0,0,0,No
Bevan,So,INF,CSM,2014,4,41,12,22,7,0.829,5,0,0,0,0,0,No
Fraley,So,INF,CSM,2014,4,26,24,1,1,0.962,2,0,0,0,0,0,No
Kovach,So,P,CSM,2014,4,6,1,5,0,1,1,6,0,1,0,0,No
Martinez,So,INF,CSM,2014,4,76,29,43,4,0.947,5,0,0,0,0,0,No
Ramos,So,INF,CSM,2014,4,15,7,6,2,0.867,1,0,0,0,0,0,No
Rodgers,So,P,CSM,2014,4,15,3,8,4,0.733,0,12,0,1,0,0,No
Rooney,So,P,CSM,2014,4,23,9,13,1,0.957,1,11,1,0.917,0,0,No
Vitulli,So,P,CSM,2014,4,6,2,4,0,1,0,9,0,1,0,0,No
Wurster,So,P,CSM,2014,4,0,0,0,0,0,0,0,0,0,0,0,No
Lambert,So,P, CSM ,2015,6,55 ,48 ,5 ,2 ,.964 ,0 ,0 ,0 ,0 ,0 ,0 ,No
Smith,So,INF, CSM ,2015,6,187 ,66 ,108 ,13 ,.930 ,20 ,0 ,0 ,0 ,0 ,0 ,No
Smythe,So,P, CSM ,2015,6,10 ,2 ,5 ,3 ,.700 ,0 ,2 ,3 ,.400 ,0 ,0 ,No
Valerio,So,P, CSM ,2015,6,7 ,0 ,6 ,1 ,.857 ,0 ,4 ,2 ,.667 ,0 ,0 ,No
Burman,So,OF, CSM ,2016,2,5 ,5 ,0 ,0 ,1.000 ,0 ,0 ,0 ,0 ,0 ,0 ,No
Englehart,So,P, CSM ,2016,2,2 ,0 ,1 ,1 ,.500 ,0 ,0 ,0 ,0 ,0 ,0 ,No
Jones,So,C, CSM ,2016,2,112 ,94 ,17 ,1 ,.991 ,1 ,11 ,5 ,.688 ,3 ,0 ,No
Martin,So,P, CSM ,2016,2,4 ,1 ,3 ,0 ,1.000 ,0 ,2 ,1 ,.667 ,0 ,0 ,No
Maxey,So,OF, CSM ,2016,2,5 ,0 ,3 ,2 ,.600 ,0 ,0 ,0 ,0 ,0 ,0 ,No
Reed,So,P, CSM ,2016,2,8 ,2 ,5 ,1 ,.875 ,0 ,1 ,0 ,1.000 ,0 ,0 ,No
Ciraula,So,INF, CSM ,2017,2,119 ,40 ,70 ,9 ,.924 ,11 ,0 ,0 ,0 ,0 ,0 ,No
Pigati,So,P, CSM ,2017,2,2 ,0 ,2 ,0 ,1.000 ,0 ,1 ,0 ,1.000 ,0 ,0 ,No
Popp,So,OF, CSM ,2017,2,28 ,26 ,0 ,2 ,.929 ,0 ,0 ,0 ,0 ,0 ,0 ,No
Selsor,So,INF, CSM ,2017,2,443 ,420 ,16 ,7 ,.984 ,33 ,0 ,0 ,0 ,0 ,0 ,No
VanZale,So,OF, CSM ,2017,2,2 ,2 ,0 ,0 ,1.000 ,0 ,0 ,0 ,0 ,0 ,0 ,No
Ball,So,P,CSUP,2013,2,8,2,3,3,0.625,0,5,1,0.833,0,0,No
Koman,So,INF,CSUP,2013,2,48,43,3,2,0.958,3,0,0,0,0,0,No
Masterson,So,P,CSUP,2013,2,9,5,4,0,1,1,2,2,0.5,0,0,No
Ortiz,So,OF,CSUP,2013,2,3,2,1,0,1,0,0,0,0,0,0,No
Vigil,So,INF,CSUP,2013,2,1,0,1,0,1,0,0,0,0,0,0,No
Wagner,So,OF,CSUP,2013,2,46,46,0,0,1,0,0,0,0,0,0,No
Martinez,So,C,CSUP,2014,3,9,8,1,0,1,3,0,0,0,0,0,No
Thomas,So,INF,CSUP,2014,3,73,24,44,5,0.932,14,0,0,0,0,0,No
Willman,So,OF, CSUP ,2015,2,0 ,0 ,0 ,0 ,.000 ,0 ,0 ,0 ,0 ,0 ,0 ,No
Garcia,So,P, CSUP ,2016,3,0 ,0 ,0 ,0 ,.000 ,0 ,1 ,0 ,1.000 ,0 ,0 ,No
Sauceda,So,OF, CSUP ,2017,4,395 ,372 ,20 ,3 ,.992 ,50 ,0 ,0 ,0 ,0 ,0 ,No
Baca,So,INF,MSUD,2013,6,170,150,18,2,0.988,16,13,1,0.929,1,0,No
Gibbons,So,OF,MSUD,2013,6,120,109,5,6,0.95,2,0,0,0,0,0,No
Hammett,So,P,MSUD,2013,6,23,5,14,4,0.826,2,12,3,0.8,0,0,No
Levett,So,OF,MSUD,2013,6,75,71,3,1,0.987,1,0,0,0,0,0,No
Miller,So,INF,MSUD,2013,6,290,270,18,2,0.993,21,0,0,0,0,0,No
Roth,So,P,MSUD,2013,6,7,0,5,2,0.714,0,3,0,1,0,0,No
Spirek,So,INF,MSUD,2013,6,26,8,18,0,1,3,0,0,0,0,0,No
Thill,So,P,MSUD,2013,6,7,1,6,0,1,0,9,4,0.692,0,0,No
Comito,So,INF,MSUD,2014,7,65,28,36,1,0.985,12,0,0,0,0,0,No
Mau,So,OF,MSUD,2014,7,35,32,2,1,0.971,1,0,0,0,0,0,No
Stimpson,So,P,MSUD,2014,7,10,1,8,1,0.9,0,6,2,0.75,0,0,No
Stroup,So,P,MSUD,2014,7,0,0,0,0,0,0,0,0,0,0,0,No
Walker,So,OF,MSUD,2014,7,54,47,5,2,0.963,1,0,0,0,0,0,No
Baca,So,P, MSUD ,2015,3,19 ,4 ,14 ,1 ,.947 ,1 ,6 ,11 ,.353 ,0 ,0 ,No
Bean,So,C, MSUD ,2015,3,214 ,203 ,8 ,3 ,.986 ,18 ,0 ,0 ,0 ,0 ,0 ,No
Hansen,So,P, MSUD ,2015,3,0 ,0 ,0 ,0 ,.000 ,0 ,0 ,0 ,0 ,0 ,0 ,No
McCasky,So,C, MSUD ,2015,3,0 ,0 ,0 ,0 ,.000 ,0 ,0 ,0 ,0 ,0 ,0 ,No
Moore,So,P, MSUD ,2015,3,7 ,1 ,6 ,0 ,1.000 ,0 ,1 ,0 ,1.000 ,0 ,0 ,No
Paust,So,INF, MSUD ,2015,3,154 ,141 ,12 ,1 ,.994 ,8 ,0 ,0 ,0 ,0 ,0 ,No
Thurston,So,INF, MSUD ,2015,3,193 ,80 ,105 ,8 ,.959 ,21 ,0 ,0 ,0 ,0 ,0 ,No
Donaldson,So,OF, MSUD ,2016,5,43 ,36 ,5 ,2 ,.953 ,0 ,0 ,0 ,0 ,0 ,0 ,No
Garcia,So,P, MSUD ,2016,5,18 ,4 ,13 ,1 ,.944 ,1 ,4 ,8 ,.333 ,0 ,0 ,No
Hansen,So,P, MSUD ,2016,5,2 ,1 ,1 ,0 ,1.000 ,1 ,0 ,0 ,0 ,0 ,0 ,No
Maloney,So,INF, MSUD ,2016,5,72 ,18 ,51 ,3 ,.958 ,4 ,0 ,0 ,0 ,0 ,0 ,No
O'Donnell,So,INF, MSUD ,2016,5,40 ,16 ,20 ,4 ,.900 ,1 ,2 ,0 ,1.000 ,0 ,0 ,No
Roley,So,P, MSUD ,2016,5,8 ,2 ,6 ,0 ,1.000 ,0 ,1 ,1 ,.500 ,0 ,0 ,No
Vega,So,P, MSUD ,2016,5,15 ,3 ,12 ,0 ,1.000 ,2 ,7 ,2 ,.778 ,0 ,0 ,No
Germani,So,OF, MSUD ,2017,3,21 ,20 ,0 ,1 ,.952 ,0 ,0 ,0 ,0 ,0 ,0 ,No
Gjersee,So,P, MSUD ,2017,3,1 ,0 ,0 ,1 ,.000 ,0 ,4 ,0 ,1.000 ,0 ,0 ,No
Hogoboom,So,P, MSUD ,2017,3,5 ,1 ,3 ,1 ,.800 ,0 ,7 ,3 ,.700 ,0 ,0 ,No
Kaasch,So,P, MSUD ,2017,3,0 ,0 ,0 ,0 ,.000 ,0 ,2 ,1 ,.667 ,0 ,0 ,No
Pepin,So,P, MSUD ,2017,3,2 ,0 ,1 ,1 ,.500 ,0 ,0 ,0 ,0 ,0 ,0 ,No
Rowley,So,P, MSUD ,2017,3,2 ,1 ,1 ,0 ,1.000 ,0 ,3 ,2 ,.600 ,0 ,0 ,No
Tulley,So,INF, MSUD ,2017,3,62 ,11 ,38 ,13 ,.790 ,4 ,0 ,0 ,0 ,0 ,0 ,No
Vega,So,P, MSUD ,2017,3,20 ,4 ,16 ,0 ,1.000 ,0 ,9 ,1 ,.900 ,0 ,0 ,No
Garcia,So,P,NMHU,2013,3,7,0,6,1,0.857,0,4,1,0.8,0,0,No
Herrington,So,C,NMHU,2013,3,108,87,17,4,0.963,1,27,7,0.794,7,0,No
Badalucco,So,P,NMHU,2014,2,1,0,1,0,1,0,1,0,1,0,0,No
Aragon,So,OF, NMHU ,2015,5,2 ,2 ,0 ,0 ,1.000 ,0 ,0 ,0 ,0 ,0 ,0 ,No
Sharp,So,P, NMHU ,2015,5,3 ,0 ,3 ,0 ,1.000 ,0 ,0 ,1 ,.000 ,0 ,0 ,No
Trujillo,So,P, NMHU ,2015,5,8 ,1 ,6 ,1 ,.875 ,0 ,6 ,5 ,.545 ,0 ,0 ,No
Brennan,So,P, NMHU ,2016,7,3 ,0 ,3 ,0 ,1.000 ,0 ,0 ,0 ,0 ,0 ,0 ,No
Hynes,So,P, NMHU ,2016,7,6 ,0 ,4 ,2 ,.667 ,0 ,1 ,0 ,1.000 ,0 ,0 ,No
Cilladi,So,INF, NMHU ,2017,7,226 ,93 ,125 ,8 ,.965 ,26 ,0 ,0 ,0 ,0 ,0 ,No
Spuiell,So,UT, NMHU ,2017,7,9 ,4 ,4 ,1 ,.889 ,1 ,0 ,0 ,0 ,0 ,0 ,No
Blaylock,So,P,RU,2013,4,5,3,2,0,1,1,0,0,0,0,0,No
Hemphill,So,P,RU,2013,4,3,0,3,0,1,0,2,1,0.667,0,0,No
Knox,So,INF,RU,2013,4,19,6,10,3,0.842,1,0,0,0,0,0,No
Deal,So,P,RU,2014,5,19,3,11,5,0.737,0,5,1,0.833,0,0,No
Long,So,P,RU,2014,5,8,1,7,0,1,0,1,4,0.2,0,0,No
Navarro,So,OF,RU,2014,5,63,61,0,2,0.968,0,0,0,0,0,0,No
Overboe,So,C,RU,2014,5,161,119,35,7,0.957,2,24,14,0.632,6,1,No
Schwein,So,P,RU,2014,5,18,3,15,0,1,0,6,3,0.667,0,0,No
Catera,So,INF, RU ,2015,7,50 ,48 ,2 ,0 ,1.000 ,3 ,0 ,0 ,0 ,0 ,0 ,No
Potter,So,OF, RU ,2015,7,14 ,14 ,0 ,0 ,1.000 ,0 ,0 ,0 ,0 ,0 ,0 ,No
Powers,So,C, RU ,2015,7,2 ,1 ,1 ,0 ,1.000 ,0 ,1 ,0 ,1.000 ,0 ,0 ,No
Thoutt,So,P, RU ,2015,7,11 ,2 ,8 ,1 ,.909 ,3 ,9 ,3 ,.750 ,0 ,0 ,No
Mulhern,So,OF, RU ,2015,7,4 ,3 ,0 ,1 ,.750 ,0 ,0 ,0 ,0 ,0 ,0 ,No
DiPaola,So,P, RU ,2015,7,10 ,0 ,7 ,3 ,.700 ,0 ,8 ,5 ,.615 ,0 ,0 ,No
Bryniarski,So,INF, RU ,2016,6,130 ,128 ,2 ,0 ,1.000 ,11 ,0 ,0 ,0 ,0 ,0 ,No
Quackenbush,So,P, RU ,2016,6,13 ,4 ,9 ,0 ,1.000 ,0 ,7 ,3 ,.700 ,0 ,0 ,No
Dedin,So,INF, RU ,2016,6,1 ,1 ,0 ,0 ,1.000 ,0 ,0 ,0 ,0 ,0 ,0 ,No
Bitar,So,C, RU ,2016,6,98 ,90 ,5 ,3 ,.969 ,0 ,19 ,5 ,.792 ,2 ,1 ,No
Meinhofer,So,INF, RU ,2016,6,157 ,72 ,78 ,7 ,.955 ,17 ,0 ,0 ,0 ,0 ,0 ,No
Rochon,So,INF, RU ,2016,6,75 ,68 ,2 ,5 ,.933 ,0 ,0 ,0 ,0 ,0 ,0 ,No
Gotsis,So,P, RU ,2016,6,14 ,3 ,10 ,1 ,.929 ,1 ,4 ,2 ,.667 ,0 ,0 ,No
Flint,So,OF, RU ,2016,6,10 ,9 ,0 ,1 ,.900 ,0 ,0 ,0 ,0 ,0 ,0 ,No
Griffith,So,P, RU ,2016,6,2 ,0 ,1 ,1 ,.500 ,0 ,0 ,0 ,0 ,0 ,0 ,No
Sanchez,So,P, RU ,2017,6,1 ,0 ,1 ,0 ,1.000 ,0 ,0 ,0 ,0 ,0 ,0 ,No
Martinez,So,P, UCCS ,2017,5,4 ,2 ,1 ,1 ,.750 ,0 ,3 ,2 ,.600 ,0 ,0 ,No
Kriesel,Sr,P,ASU,2014,6,1,0,1,0,1,0,2,0,1,0,0,No
Maples,Sr,C,ASU,2014,6,17,15,2,0,1,0,6,2,0.75,0,0,No
Robinson,Sr,INF,ASU,2014,6,53,12,33,8,0.849,1,0,0,0,0,0,No
Rochford,Sr,P,ASU,2014,6,2,2,0,0,1,1,3,1,0.75,0,0,No
Schilling,Sr,OF,ASU,2014,6,0,0,0,0,0,0,0,0,0,0,0,No
Sedlak,Sr,INF,ASU,2014,6,162,137,20,5,0.969,9,13,2,0.867,0,0,No
Wold,Sr,OF,ASU,2014,6,74,71,0,3,0.959,0,0,0,0,0,0,No
Aramovich,Sr,P, ASU ,2015,4,0 ,0 ,0 ,0 ,.000 ,0 ,1 ,0 ,1.000 ,0 ,0 ,No
Dorchinez,Sr,INF, ASU ,2015,4,220 ,56 ,143 ,21 ,.905 ,23 ,0 ,0 ,0 ,0 ,0 ,No
Heredia,Sr,P, ASU ,2015,4,18 ,3 ,14 ,1 ,.944 ,0 ,22 ,3 ,.880 ,0 ,0 ,No
Huggins,Sr,INF, ASU ,2015,4,45 ,13 ,26 ,6 ,.867 ,5 ,0 ,0 ,0 ,0 ,0 ,No
Lowry,Sr,P, ASU ,2015,4,1 ,1 ,0 ,0 ,1.000 ,0 ,0 ,0 ,0 ,0 ,0 ,No
MacMahon,Sr,P, ASU ,2015,4,15 ,4 ,9 ,2 ,.867 ,0 ,14 ,5 ,.737 ,0 ,0 ,No
Montoya,Sr,C, ASU ,2015,4,179 ,146 ,30 ,3 ,.983 ,1 ,46 ,16 ,.742 ,7 ,1 ,No
Nelson,Sr,OF, ASU ,2015,4,1 ,1 ,0 ,0 ,1.000 ,0 ,0 ,0 ,0 ,0 ,0 ,No
Richardson,Sr,P, ASU ,2015,4,7 ,1 ,6 ,0 ,1.000 ,0 ,1 ,2 ,.333 ,0 ,0 ,No
Schmitt,Sr,p, ASU ,2015,4,9 ,2 ,5 ,2 ,.778 ,0 ,8 ,5 ,.615 ,0 ,0 ,No
Tiernan,Sr,C, ASU ,2015,4,86 ,74 ,12 ,0 ,1.000 ,0 ,24 ,6 ,.800 ,12 ,0 ,No
Williams,Sr,P, ASU ,2015,4,10 ,3 ,6 ,1 ,.900 ,0 ,9 ,2 ,.818 ,0 ,0 ,No
Wright,Sr,P, ASU ,2015,4,6 ,3 ,3 ,0 ,1.000 ,0 ,1 ,1 ,.500 ,0 ,0 ,No
Bollig,Sr,OF, ASU ,2016,4,55 ,51 ,3 ,1 ,.982 ,0 ,0 ,0 ,0 ,0 ,0 ,No
Cox,Sr,OF, ASU ,2016,4,3 ,3 ,0 ,0 ,1.000 ,0 ,0 ,0 ,0 ,0 ,0 ,No
DiThomas,Sr,INF, ASU ,2016,4,6 ,1 ,5 ,0 ,1.000 ,1 ,0 ,0 ,0 ,0 ,0 ,No
Gaasbeck,Sr,P, ASU ,2016,4,2 ,0 ,2 ,0 ,1.000 ,0 ,0 ,0 ,0 ,0 ,0 ,No
Godfrey,Sr,P, ASU ,2016,4,4 ,2 ,2 ,0 ,1.000 ,0 ,3 ,5 ,.375 ,0 ,0 ,No
Gonzales,Sr,INF, ASU ,2016,4,41 ,12 ,25 ,4 ,.902 ,5 ,0 ,0 ,0 ,0 ,0 ,No
Granzella,Sr,OF, ASU ,2016,4,45 ,42 ,1 ,2 ,.956 ,1 ,0 ,0 ,0 ,0 ,0 ,No
Moldenhauer,Sr,C, ASU ,2016,4,324 ,299 ,23 ,2 ,.994 ,23 ,4 ,0 ,1.000 ,0 ,0 ,No
Morley,Sr,OF, ASU ,2016,4,60 ,56 ,3 ,1 ,.983 ,0 ,0 ,0 ,0 ,0 ,0 ,No
Nelson,Sr,OF, ASU ,2016,4,83 ,81 ,0 ,2 ,.976 ,0 ,0 ,0 ,0 ,0 ,0 ,No
Nutsch,Sr,P, ASU ,2016,4,11 ,2 ,9 ,0 ,1.000 ,1 ,1 ,1 ,.500 ,0 ,0 ,No
Porreco,Sr,OF, ASU ,2016,4,27 ,21 ,2 ,4 ,.852 ,0 ,0 ,0 ,0 ,0 ,0 ,No
Thurston,Sr,INF, ASU ,2016,4,221 ,103 ,107 ,11 ,.950 ,26 ,0 ,0 ,0 ,0 ,0 ,No
Wells,Sr,INF, ASU ,2016,4,117 ,111 ,4 ,2 ,.983 ,11 ,0 ,0 ,0 ,0 ,0 ,No
Wiemers,Sr,P, ASU ,2016,4,11 ,3 ,8 ,0 ,1.000 ,0 ,8 ,3 ,.727 ,0 ,0 ,No
Williams,Sr,P, ASU ,2016,4,1 ,0 ,1 ,0 ,1.000 ,0 ,0 ,0 ,0 ,0 ,0 ,No
April,Sr,C, ASU ,2017,9,95 ,77 ,14 ,4 ,.958 ,0 ,20 ,4 ,.833 ,3 ,1 ,No
Denovellis,Sr,INF, ASU ,2017,9,15 ,4 ,10 ,1 ,.933 ,0 ,0 ,0 ,0 ,0 ,0 ,No
Downs,Sr,C, ASU ,2017,9,247 ,206 ,38 ,3 ,.988 ,3 ,31 ,10 ,.756 ,9 ,0 ,No
Ferguson,Sr,P, ASU ,2017,9,9 ,3 ,4 ,2 ,.778 ,0 ,7 ,2 ,.778 ,0 ,0 ,No
Gavin,Sr,P, ASU ,2017,9,5 ,1 ,3 ,1 ,.800 ,0 ,3 ,2 ,.600 ,0 ,0 ,No
Hill,Sr,OF, ASU ,2017,9,54 ,50 ,2 ,2 ,.963 ,1 ,0 ,0 ,0 ,0 ,0 ,No
Keaton,Sr,P, ASU ,2017,9,11 ,2 ,9 ,0 ,1.000 ,1 ,9 ,3 ,.750 ,0 ,0 ,No
Mares,Sr,INF, ASU ,2017,9,162 ,62 ,97 ,3 ,.981 ,12 ,0 ,0 ,0 ,0 ,0 ,No
Munford,Sr,P, ASU ,2017,9,3 ,0 ,3 ,0 ,1.000 ,0 ,2 ,2 ,.500 ,0 ,0 ,No
Sherry,Sr,P, ASU ,2017,9,4 ,1 ,3 ,0 ,1.000 ,0 ,4 ,0 ,1.000 ,0 ,0 ,No
Weidner,Sr,INF, ASU ,2017,9,182 ,60 ,113 ,9 ,.951 ,15 ,0 ,0 ,0 ,0 ,0 ,No
Balbas,Sr,P,CCU,2013,8,86,61,17,8,0.907,3,25,3,0.893,0,0,No
Briner,Sr,P,CCU,2013,8,18,5,10,3,0.833,0,6,3,0.667,0,0,No
Crawford,Sr,P,CCU,2013,8,21,7,11,3,0.857,0,27,3,0.9,0,0,No
Martinez,Sr,OF,CCU,2013,8,45,43,2,0,1,1,0,0,0,0,0,No
Mosler,Sr,P,CCU,2013,8,276,238,31,7,0.975,25,9,2,0.818,0,0,No
Murray,Sr,P,CCU,2013,8,3,1,1,1,0.667,0,2,0,1,0,0,No
Schuchart,Sr,P,CCU,2013,8,8,1,5,2,0.75,0,1,1,0.5,0,0,No
Wenzel,Sr,OF,CCU,2013,8,121,108,5,8,0.934,0,0,0,0,0,0,No
Yanke,Sr,P,CCU,2013,8,6,4,2,0,1,0,6,1,0.857,0,0,No
Brower,Sr,P,CCU,2014,8,2,1,1,0,1,0,9,0,1,0,0,No
Dudley,Sr,OF,CCU,2014,8,19,18,1,0,1,1,0,0,0,0,0,No
Jones,Sr,INF,CCU,2014,8,90,47,40,3,0.967,11,0,0,0,0,0,No
Landrith,Sr,C,CCU,2014,8,107,93,13,1,0.991,1,25,4,0.862,4,1,No
Murray,Sr,P,CCU,2014,8,0,0,0,0,0,0,0,0,0,0,0,No
Richardson,Sr,C,CCU,2014,8,128,108,18,2,0.984,0,51,13,0.797,3,0,No
Conley,Sr,INF, CCU ,2015,8,371 ,342 ,21 ,8 ,.978 ,36 ,0 ,0 ,0 ,0 ,0 ,No
Dudley,Sr,OF, CCU ,2015,8,95 ,86 ,7 ,2 ,.979 ,1 ,0 ,0 ,0 ,0 ,0 ,No
Gaskins,Sr,P, CCU ,2015,8,4 ,1 ,3 ,0 ,1.000 ,0 ,9 ,0 ,1.000 ,0 ,0 ,No
Henrichsen,Sr,P, CCU ,2015,8,1 ,0 ,1 ,0 ,1.000 ,0 ,5 ,2 ,.714 ,0 ,0 ,No
McMahon,Sr,P, CCU ,2015,8,14 ,1 ,11 ,2 ,.857 ,0 ,1 ,0 ,1.000 ,0 ,0 ,No
Silva,Sr,OF, CCU ,2015,8,74 ,67 ,4 ,3 ,.959 ,0 ,0 ,0 ,0 ,0 ,0 ,No
Bednarski,Sr,P, CCU ,2016,8,7 ,1 ,5 ,1 ,.857 ,0 ,3 ,3 ,.500 ,0 ,0 ,No
Erazo,Sr,P, CCU ,2016,8,25 ,7 ,17 ,1 ,.960 ,0 ,5 ,10 ,.333 ,0 ,0 ,No
McWilliams,Sr,INF, CCU ,2016,8,352 ,323 ,21 ,8 ,.977 ,29 ,0 ,0 ,0 ,0 ,0 ,No
Reynolds,Sr,P, CCU ,2016,8,1 ,0 ,1 ,0 ,1.000 ,0 ,0 ,0 ,0 ,0 ,0 ,No
Wiederhold,Sr,C, CCU ,2016,8,240 ,192 ,40 ,8 ,.967 ,0 ,35 ,21 ,.625 ,14 ,0 ,No
Amenta,Sr,INF, CCU ,2017,8,0 ,0 ,0 ,0 ,.000 ,0 ,0 ,0 ,0 ,0 ,0 ,No
Atkerson,Sr,P, CCU ,2017,8,24 ,23 ,1 ,0 ,1.000 ,2 ,0 ,0 ,0 ,0 ,0 ,No
Harris,Sr,P, CCU ,2017,8,17 ,2 ,13 ,2 ,.882 ,2 ,12 ,1 ,.923 ,0 ,0 ,No
Hesselberg,Sr,INF, CCU ,2017,8,62 ,24 ,35 ,3 ,.952 ,6 ,0 ,0 ,0 ,0 ,0 ,No
Anderson,Sr,P,CMU,2013,1,1,0,1,0,1,0,1,0,1,0,0,No
Box,Sr,INF,CMU,2013,1,198,77,112,9,0.955,24,0,0,0,0,0,No
Corwin,Sr,OF,CMU,2013,1,51,47,4,0,1,0,0,0,0,0,0,No
Corwin,Sr,P,CMU,2013,1,4,0,4,0,1,0,4,1,0.8,0,0,No
Demello,Sr,OF,CMU,2013,1,55,51,2,2,0.964,1,0,0,0,0,0,No
Fowler,Sr,C,CMU,2013,1,27,22,4,1,0.963,1,2,1,0.667,0,0,No
Kluge,Sr,OF,CMU,2013,1,48,43,2,3,0.938,0,0,0,0,0,0,No
Little,Sr,MINF,CMU,2013,1,69,24,36,9,0.87,6,0,0,0,0,0,No
Rosales,Sr,INF,CMU,2013,1,162,52,103,7,0.957,21,0,0,0,0,0,No
Snell,Sr,P,CMU,2013,1,20,6,14,0,1,1,13,3,0.813,0,0,No
Williams,Sr,P,CMU,2013,1,30,9,18,3,0.9,1,6,2,0.75,0,0,No
Carpenter,Sr,P,CMU,2014,1,114,102,9,3,0.974,1,0,0,0,0,0,No
Danner,Sr,P,CMU,2014,1,22,5,14,3,0.864,1,2,3,0.4,0,0,No
Davis,Sr,P,CMU,2014,1,13,2,10,1,0.923,1,2,3,0.4,0,0,No
Dunnington,Sr,P,CMU,2014,1,3,1,2,0,1,0,1,0,1,0,0,No
Kinkade,Sr,INF,CMU,2014,1,52,49,3,0,1,3,0,0,0,0,0,No
Lahman,Sr,P,CMU,2014,1,6,0,4,2,0.667,0,2,1,0.667,0,0,No
Liester,Sr,INF,CMU,2014,1,52,50,1,1,0.981,1,0,0,0,0,0,No
Robirtis,Sr,P,CMU,2014,1,2,1,1,0,1,0,0,0,0,0,0,No
Schoelkopf,Sr,C,CMU,2014,1,114,104,10,0,1,0,8,9,0.471,0,0,No
Allianic,Sr,P, CMU ,2015,1,3 ,0 ,3 ,0 ,1.000 ,0 ,1 ,0 ,1.000 ,0 ,0 ,No
Behr,Sr,P, CMU ,2015,1,9 ,2 ,7 ,0 ,1.000 ,0 ,3 ,0 ,1.000 ,0 ,0 ,No
Capistran,Sr,P, CMU ,2015,1,6 ,2 ,4 ,0 ,1.000 ,0 ,5 ,1 ,.833 ,0 ,0 ,No
Delay,Sr,P, CMU ,2015,1,2 ,1 ,1 ,0 ,1.000 ,0 ,3 ,1 ,.750 ,0 ,0 ,No
Johnson,Sr,P, CMU ,2015,1,40 ,12 ,26 ,2 ,.950 ,3 ,0 ,0 ,0 ,0 ,0 ,No
Mitchell,Sr,INF, CMU ,2015,1,223 ,205 ,16 ,2 ,.991 ,18 ,0 ,0 ,0 ,0 ,0 ,No
Allen,Sr,P, CMU ,2016,1,16 ,7 ,7 ,2 ,.875 ,0 ,4 ,0 ,1.000 ,0 ,0 ,No
Cantwell,Sr,C, CMU ,2016,1,31 ,29 ,2 ,0 ,1.000 ,0 ,2 ,1 ,.667 ,0 ,0 ,No
Chamberlin,Sr,OF, CMU ,2016,1,0 ,0 ,0 ,0 ,.000 ,0 ,0 ,0 ,0 ,0 ,0 ,No
Ehlers,Sr,P, CMU ,2016,1,6 ,1 ,4 ,1 ,.833 ,0 ,1 ,1 ,.500 ,0 ,0 ,No
Olson,Sr,P, CMU ,2016,1,0 ,0 ,0 ,0 ,.000 ,0 ,0 ,0 ,0 ,0 ,0 ,No
Robinson,Sr,OF, CMU ,2016,1,1 ,1 ,0 ,0 ,1.000 ,0 ,0 ,0 ,0 ,0 ,0 ,No
Romito,Sr,P, CMU ,2016,1,3 ,0 ,1 ,2 ,.333 ,0 ,0 ,0 ,0 ,0 ,0 ,No
Samuels,Sr,INF, CMU ,2016,1,24 ,8 ,14 ,2 ,.917 ,2 ,0 ,0 ,0 ,0 ,0 ,No
Bott,Sr,P, CMU ,2017,1,3 ,0 ,3 ,0 ,1.000 ,0 ,1 ,3 ,.250 ,0 ,0 ,No
Contreras,Sr,INF, CMU ,2017,1,129 ,68 ,53 ,8 ,.938 ,14 ,0 ,0 ,0 ,0 ,0 ,No
Day,Sr,P, CMU ,2017,1,9 ,1 ,6 ,2 ,.778 ,0 ,2 ,1 ,.667 ,0 ,0 ,No
Druce,Sr,C, CMU ,2017,1,67 ,62 ,4 ,1 ,.985 ,1 ,7 ,0 ,1.000 ,3 ,0 ,No
Elcock,Sr,OF, CMU ,2017,1,4 ,3 ,1 ,0 ,1.000 ,0 ,0 ,0 ,0 ,0 ,0 ,No
Haggerty,Sr,OF, CMU ,2017,1,44 ,43 ,1 ,0 ,1.000 ,0 ,0 ,0 ,0 ,0 ,0 ,No
LaCrone,Sr,INF, CMU ,2017,1,119 ,40 ,77 ,2 ,.983 ,11 ,0 ,0 ,0 ,0 ,0 ,No
Paskiewicz,Sr,OF, CMU ,2017,1,17 ,14 ,3 ,0 ,1.000 ,0 ,1 ,0 ,1.000 ,0 ,0 ,No
Reynolds,Sr,INF, CMU ,2017,1,3 ,1 ,2 ,0 ,1.000 ,0 ,0 ,0 ,0 ,0 ,0 ,No
Serrano,Sr,C, CMU ,2017,1,436 ,380 ,48 ,8 ,.982 ,3 ,15 ,10 ,.600 ,0 ,0 ,No
Thornquis,Sr,P, CMU ,2017,1,4 ,1 ,2 ,1 ,.750 ,0 ,1 ,1 ,.500 ,0 ,0 ,No
Dunham,Sr,P,CSM,2013,5,15,7,8,0,1,0,5,7,0.417,0,0,No
Egeberg,Sr,OF,CSM,2013,5,70,63,6,1,0.986,0,0,0,0,0,0,No
Pullos,Sr,OF,CSM,2013,5,32,31,1,0,1,0,0,0,0,0,0,No
Schirmacher,Sr,P,CSM,2013,5,90,82,7,1,0.989,9,0,0,0,0,0,No
Spirek,Sr,OF,CSM,2013,5,3,2,1,0,1,0,0,0,0,0,0,No
Williams,Sr,C,CSM,2013,5,258,218,36,4,0.984,2,39,18,0.684,10,0,No
Herrin,Sr,P,CSM,2014,4,2,0,2,0,1,1,5,0,1,0,0,No
Skrdlant,Sr,INF,CSM,2014,4,169,60,102,7,0.959,24,0,0,0,0,0,No
Bothwell,Sr,INF, CSM ,2015,6,200 ,121 ,72 ,7 ,.965 ,24 ,0 ,0 ,0 ,0 ,0 ,No
Fishel,Sr,C, CSM ,2015,6,57 ,52 ,5 ,0 ,1.000 ,2 ,5 ,2 ,.714 ,3 ,0 ,No
Johnson,Sr,OF, CSM ,2015,6,4 ,3 ,0 ,1 ,.750 ,0 ,0 ,0 ,0 ,0 ,0 ,No
Storm,Sr,P, CSM ,2015,6,1 ,0 ,1 ,0 ,1.000 ,0 ,3 ,2 ,.600 ,0 ,0 ,No
Alexander,Sr,P, CSM ,2016,2,2 ,2 ,0 ,0 ,1.000 ,1 ,0 ,0 ,0 ,0 ,0 ,No
Rodgers,Sr,P, CSM ,2016,2,6 ,2 ,4 ,0 ,1.000 ,0 ,6 ,1 ,.857 ,0 ,0 ,No
Rooney,Sr,P, CSM ,2016,2,8 ,4 ,3 ,1 ,.875 ,0 ,3 ,6 ,.333 ,0 ,0 ,No
Lambert,Sr,OF, CSM ,2017,2,88 ,86 ,1 ,1 ,.989 ,0 ,0 ,0 ,0 ,0 ,0 ,No
Smith,Sr,INF, CSM ,2017,2,214 ,89 ,114 ,11 ,.949 ,24 ,0 ,0 ,0 ,0 ,0 ,No
Smythe,Sr,P, CSM ,2017,2,8 ,1 ,6 ,1 ,.875 ,0 ,1 ,0 ,1.000 ,0 ,0 ,No
Thomas,Sr,P, CSM ,2017,2,4 ,3 ,1 ,0 ,1.000 ,0 ,0 ,0 ,0 ,0 ,0 ,No
Valerio,Sr,P, CSM ,2017,2,7 ,0 ,7 ,0 ,1.000 ,0 ,6 ,4 ,.600 ,0 ,0 ,No
Beauvais,Sr,C,CSUP,2013,2,319,275,41,3,0.991,1,45,24,0.652,8,1,No
Bishop,Sr,P,CSUP,2013,2,0,0,0,0,0,0,0,0,0,0,0,No
Cowell,Sr,UT,CSUP,2013,2,47,36,9,2,0.957,0,0,0,0,0,0,No
Dicarlo,Sr,INF,CSUP,2013,2,34,11,22,1,0.971,4,0,0,0,0,0,No
Evans,Sr,OF,CSUP,2013,2,74,70,3,1,0.986,1,0,0,0,0,0,No
Gavin,Sr,P,CSUP,2013,2,15,2,11,2,0.867,2,12,1,0.923,0,0,No
Ginter,Sr,P,CSUP,2013,2,5,1,3,1,0.8,0,3,1,0.75,0,0,No
Hart,Sr,OF,CSUP,2013,2,59,56,1,2,0.966,0,0,0,0,0,0,No
Knueppel,Sr,INF,CSUP,2013,2,46,13,25,8,0.826,3,0,0,0,0,0,No
Lacomb,Sr,INF,CSUP,2013,2,250,90,153,7,0.972,35,0,0,0,0,0,No
Montague,Sr,INF,CSUP,2013,2,15,15,0,0,1,1,0,0,0,0,0,No
Struble,Sr,P,CSUP,2013,2,23,10,10,3,0.87,1,8,5,0.615,0,0,No
Buckles,Sr,INF,CSUP,2014,3,90,24,61,5,0.944,13,0,0,0,0,0,No
Clemens,Sr,P,CSUP,2014,3,1,0,1,0,1,0,0,0,0,0,0,No
Dunn,Sr,C,CSUP,2014,3,4,4,0,0,1,0,0,0,0,0,0,No
Fabrizio,Sr,P,CSUP,2014,3,28,3,21,4,0.857,0,12,8,0.6,0,0,No
Given,Sr,P,CSUP,2014,3,6,1,5,0,1,1,3,0,1,0,0,No
Hoyt,Sr,OF,CSUP,2014,3,87,80,3,4,0.954,2,0,0,0,0,0,No
Kenebrew,Sr,INF,CSUP,2014,3,42,39,2,1,0.976,1,0,0,0,0,0,No
Sanchez,Sr,INF,CSUP,2014,3,163,60,88,15,0.908,10,0,0,0,0,0,No
Schoon,Sr,P,CSUP,2014,3,57,31,18,8,0.86,1,3,3,0.5,0,0,No
Smith,Sr,P,CSUP,2014,3,0,0,0,0,0,0,0,0,0,0,0,No
Williams,Sr,C,CSUP,2014,3,304,259,37,8,0.974,5,32,16,0.667,3,0,No
Ball,Sr,P, CSUP ,2015,2,0 ,0 ,0 ,0 ,.000 ,0 ,1 ,0 ,1.000 ,0 ,0 ,No
Bevington,Sr,P, CSUP ,2015,2,8 ,5 ,2 ,1 ,.875 ,0 ,1 ,1 ,.500 ,0 ,0 ,No
Bristow,Sr,P, CSUP ,2015,2,3 ,0 ,2 ,1 ,.667 ,0 ,3 ,1 ,.750 ,0 ,0 ,No
Busch,Sr,P, CSUP ,2015,2,0 ,0 ,0 ,0 ,.000 ,0 ,1 ,0 ,1.000 ,0 ,0 ,No
Casler,Sr,P, CSUP ,2015,2,0 ,0 ,0 ,0 ,.000 ,0 ,1 ,0 ,1.000 ,0 ,0 ,No
Chavez,Sr,OF, CSUP ,2015,2,78 ,74 ,2 ,2 ,.974 ,0 ,0 ,0 ,0 ,0 ,0 ,No
Finley,Sr,P, CSUP ,2015,2,10 ,4 ,5 ,1 ,.900 ,0 ,1 ,3 ,.250 ,0 ,0 ,No
Landrith,Sr,C, CSUP ,2015,2,43 ,33 ,7 ,3 ,.930 ,2 ,9 ,0 ,1.000 ,1 ,0 ,No
Masterson,Sr,P, CSUP ,2015,2,1 ,0 ,1 ,0 ,1.000 ,0 ,0 ,0 ,0 ,0 ,0 ,No
Ortiz,Sr,OF, CSUP ,2015,2,0 ,0 ,0 ,0 ,.000 ,0 ,0 ,0 ,0 ,0 ,0 ,No
Ramsey,Sr,OF, CSUP ,2015,2,13 ,10 ,2 ,1 ,.923 ,0 ,0 ,0 ,0 ,0 ,0 ,No
Richins,Sr,INF, CSUP ,2015,2,177 ,60 ,106 ,11 ,.938 ,20 ,0 ,0 ,0 ,0 ,0 ,No
Soto,Sr,P, CSUP ,2015,2,18 ,5 ,13 ,0 ,1.000 ,2 ,14 ,5 ,.737 ,0 ,0 ,No
Sylvester,Sr,P, CSUP ,2015,2,4 ,1 ,1 ,2 ,.500 ,0 ,1 ,0 ,1.000 ,0 ,0 ,No
Vigil,Sr,INF, CSUP ,2015,2,125 ,38 ,80 ,7 ,.944 ,15 ,0 ,0 ,0 ,0 ,0 ,No
Williams,Sr,P, CSUP ,2015,2,10 ,0 ,10 ,0 ,1.000 ,0 ,4 ,1 ,.800 ,0 ,0 ,No
Wittmus,Sr,P, CSUP ,2015,2,22 ,6 ,15 ,1 ,.955 ,2 ,5 ,3 ,.625 ,0 ,0 ,No
Brady,Sr,OF, CSUP ,2016,3,1 ,1 ,0 ,0 ,1.000 ,0 ,0 ,0 ,0 ,0 ,0 ,No
Cebulski,Sr,C, CSUP ,2016,3,304 ,264 ,34 ,6 ,.980 ,1 ,36 ,16 ,.692 ,5 ,1 ,No
DeHerrera,Sr,C, CSUP ,2016,3,11 ,10 ,0 ,1 ,.909 ,1 ,0 ,0 ,0 ,0 ,0 ,No
Gimenez,Sr,P, CSUP ,2016,3,0 ,0 ,0 ,0 ,.000 ,0 ,0 ,0 ,0 ,0 ,0 ,No
Godman,Sr,OF, CSUP ,2016,3,111 ,104 ,3 ,4 ,.964 ,0 ,0 ,0 ,0 ,0 ,0 ,No
Griffin,Sr,OF, CSUP ,2016,3,29 ,28 ,1 ,0 ,1.000 ,1 ,0 ,0 ,0 ,0 ,0 ,No
Menocal,Sr,INF, CSUP ,2016,3,77 ,16 ,53 ,8 ,.896 ,2 ,0 ,0 ,0 ,0 ,0 ,No
Rich,Sr,P, CSUP ,2016,3,10 ,2 ,7 ,1 ,.900 ,0 ,5 ,1 ,.833 ,0 ,0 ,No
Vinci,Sr,INF, CSUP ,2016,3,9 ,4 ,4 ,1 ,.889 ,1 ,0 ,0 ,0 ,0 ,0 ,No
Castaneda,Sr,INF, CSUP ,2017,4,1 ,1 ,0 ,0 ,1.000 ,0 ,1 ,0 ,1.000 ,0 ,0 ,No
Castaneda,Sr,P, CSUP ,2017,4,212 ,64 ,138 ,10 ,.953 ,32 ,0 ,0 ,0 ,0 ,0 ,No
Daniels,Sr,OF, CSUP ,2017,4,16 ,15 ,0 ,1 ,.938 ,0 ,0 ,0 ,0 ,0 ,0 ,No
Davis,Sr,UT, CSUP ,2017,4,76 ,72 ,4 ,0 ,1.000 ,1 ,0 ,0 ,0 ,0 ,0 ,No
Doucette,Sr,C, CSUP ,2017,4,78 ,72 ,6 ,0 ,1.000 ,0 ,9 ,4 ,.692 ,6 ,0 ,No
Gunther,Sr,INF, CSUP ,2017,4,223 ,96 ,118 ,9 ,.960 ,35 ,0 ,0 ,0 ,0 ,0 ,No
Hall,Sr,P, CSUP ,2017,4,0 ,0 ,0 ,0 ,.000 ,0 ,0 ,0 ,0 ,0 ,0 ,No
Jones,Sr,OF, CSUP ,2017,4,0 ,0 ,0 ,0 ,.000 ,0 ,0 ,0 ,0 ,0 ,0 ,No
Juracek,Sr,P, CSUP ,2017,4,1 ,0 ,1 ,0 ,1.000 ,0 ,1 ,2 ,.333 ,0 ,0 ,No
Lazcano,Sr,P, CSUP ,2017,4,25 ,8 ,11 ,6 ,.760 ,1 ,4 ,4 ,.500 ,0 ,0 ,No
Megyeri,Sr,P, CSUP ,2017,4,0 ,0 ,0 ,0 ,.000 ,0 ,0 ,0 ,0 ,0 ,0 ,No
Nuernberg,Sr,P, CSUP ,2017,4,15 ,3 ,9 ,3 ,.800 ,1 ,6 ,2 ,.750 ,0 ,0 ,No
Peeler,Sr,P, CSUP ,2017,4,7 ,1 ,6 ,0 ,1.000 ,0 ,6 ,4 ,.600 ,0 ,0 ,No
Visinoni,Sr,P, CSUP ,2017,4,0 ,0 ,0 ,0 ,.000 ,0 ,5 ,0 ,1.000 ,0 ,0 ,No
Weinberg,Sr,P, CSUP ,2017,4,1 ,0 ,1 ,0 ,1.000 ,0 ,0 ,0 ,0 ,0 ,0 ,No
Willman,Sr,OF, CSUP ,2017,4,7 ,7 ,0 ,0 ,1.000 ,0 ,0 ,0 ,0 ,0 ,0 ,No
Arceneaux,Sr,P,MSUD,2013,6,24,1,22,1,0.958,0,7,5,0.583,0,0,No
Cammall,Sr,INF,MSUD,2013,6,230,64,150,16,0.93,32,0,0,0,0,0,No
Carpenter,Sr,P,MSUD,2013,6,10,6,3,1,0.9,0,4,0,1,0,0,No
Luzon,Sr,P,MSUD,2013,6,5,1,4,0,1,1,1,2,0.333,0,0,No
Nelson,Sr,INF,MSUD,2013,6,81,23,48,10,0.877,3,0,0,0,0,0,No
Ortivez,Sr,C,MSUD,2013,6,241,200,31,10,0.959,1,41,16,0.719,15,2,No
Schrupp,Sr,OF,MSUD,2013,6,63,59,2,2,0.968,0,0,0,0,0,0,No
Baldini,Sr,INF,MSUD,2014,7,192,60,120,12,0.938,33,0,0,0,0,0,No
Ford,Sr,P,MSUD,2014,7,5,1,3,1,0.8,0,0,1,0,0,0,No
Hand,Sr,P,MSUD,2014,7,10,3,6,1,0.9,0,6,2,0.75,0,0,No
Purvis,Sr,OF,MSUD,2014,7,96,91,3,2,0.979,4,0,0,0,0,0,No
Reeves,Sr,INF,MSUD,2014,7,95,17,60,18,0.811,7,0,0,0,0,0,No
Baca,Sr,C, MSUD ,2015,3,395 ,333 ,57 ,5 ,.987 ,3 ,38 ,25 ,.603 ,6 ,0 ,No
Gibbons,Sr,OF, MSUD ,2015,3,109 ,103 ,5 ,1 ,.991 ,2 ,0 ,0 ,0 ,0 ,0 ,No
Hammett,Sr,P, MSUD ,2015,3,12 ,4 ,7 ,1 ,.917 ,1 ,13 ,3 ,.813 ,0 ,0 ,No
Lalk,Sr,P, MSUD ,2015,3,33 ,7 ,23 ,3 ,.909 ,0 ,4 ,3 ,.571 ,0 ,0 ,No
Miller,Sr,INF, MSUD ,2015,3,53 ,48 ,5 ,0 ,1.000 ,3 ,0 ,0 ,0 ,0 ,0 ,No
Spirek,Sr,INF, MSUD ,2015,3,28 ,18 ,8 ,2 ,.929 ,1 ,0 ,0 ,0 ,0 ,0 ,No
Thill,Sr,P, MSUD ,2015,3,17 ,0 ,16 ,1 ,.941 ,0 ,9 ,6 ,.600 ,0 ,0 ,No
Barron,Sr,INF, MSUD ,2016,5,4 ,2 ,1 ,1 ,.750 ,0 ,0 ,0 ,0 ,0 ,0 ,No
Comito,Sr,INF, MSUD ,2016,5,183 ,63 ,114 ,6 ,.967 ,20 ,0 ,0 ,0 ,0 ,0 ,No
Levett,Sr,OF, MSUD ,2016,5,44 ,41 ,0 ,3 ,.932 ,0 ,0 ,0 ,0 ,0 ,0 ,No
Stroup,Sr,P, MSUD ,2016,5,12 ,1 ,10 ,1 ,.917 ,1 ,8 ,2 ,.800 ,0 ,0 ,No
Walker,Sr,OF, MSUD ,2016,5,26 ,25 ,0 ,1 ,.962 ,0 ,0 ,0 ,0 ,0 ,0 ,No
Bean,Sr,C, MSUD ,2017,3,267 ,217 ,43 ,7 ,.974 ,1 ,40 ,16 ,.714 ,19 ,0 ,No
Ekman,Sr,OF, MSUD ,2017,3,111 ,101 ,5 ,5 ,.955 ,0 ,0 ,0 ,0 ,0 ,0 ,No
Mccasky,Sr,C, MSUD ,2017,3,94 ,85 ,7 ,2 ,.979 ,0 ,17 ,2 ,.895 ,2 ,0 ,No
Moore,Sr,P, MSUD ,2017,3,3 ,0 ,3 ,0 ,1.000 ,1 ,1 ,0 ,1.000 ,0 ,0 ,No
Stimpson,Sr,P, MSUD ,2017,3,25 ,16 ,7 ,2 ,.920 ,0 ,3 ,2 ,.600 ,0 ,0 ,No
Thurston,Sr,INF, MSUD ,2017,3,256 ,81 ,162 ,13 ,.949 ,33 ,0 ,0 ,0 ,0 ,0 ,No
Yacovetta,Sr,P, MSUD ,2017,3,3 ,1 ,2 ,0 ,1.000 ,1 ,8 ,0 ,1.000 ,0 ,0 ,No
Chavez,Sr,OF,NMHU,2013,3,40,38,2,0,1,0,0,0,0,0,0,No
Davis,Sr,OF,NMHU,2013,3,107,87,18,2,0.981,0,29,1,0.967,3,0,No
Falvey,Sr,OF,NMHU,2013,3,51,45,4,2,0.961,0,0,0,0,0,0,No
Frazier,Sr,INF,NMHU,2013,3,109,39,65,5,0.954,11,0,0,0,0,0,No
Gualco,Sr,OF,NMHU,2013,3,12,10,0,2,0.833,0,0,1,0,0,0,No
Hite,Sr,P,NMHU,2013,3,6,0,5,1,0.833,0,6,3,0.667,0,0,No
Jamerson,Sr,INF,NMHU,2013,3,114,28,80,6,0.947,16,0,0,0,0,0,No
Lyons,Sr,INF,NMHU,2013,3,41,37,3,1,0.976,2,0,0,0,0,0,No
Pile,Sr,C,NMHU,2013,3,33,32,1,0,1,0,4,0,1,2,0,No
Prokupek,Sr,P,NMHU,2013,3,23,6,15,2,0.913,3,15,1,0.938,0,0,No
Torres,Sr,P,NMHU,2013,3,25,1,23,1,0.96,0,9,3,0.75,0,0,No
Vela,Sr,P,NMHU,2013,3,1,0,1,0,1,0,15,2,0.882,0,0,No
Ward,Sr,INF,NMHU,2013,3,222,201,17,4,0.982,17,0,0,0,0,0,No
Clark,Sr,P,NMHU,2014,2,3,3,0,0,1,0,9,5,0.643,0,0,No
Davis,Sr,C,NMHU,2014,2,49,41,7,1,0.98,0,9,2,0.818,3,1,No
Goliat,Sr,OF,NMHU,2014,2,136,128,4,4,0.971,1,0,0,0,0,0,No
Hansen,Sr,P,NMHU,2014,2,19,5,12,2,0.895,0,11,8,0.579,0,0,No
Hayes,Sr,INF,NMHU,2014,2,188,59,115,14,0.926,24,0,0,0,0,0,No
Hernandez,Sr,P,NMHU,2014,2,0,0,0,0,0,0,1,2,0.333,0,0,No
Ledford,Sr,INF,NMHU,2014,2,358,333,18,7,0.98,28,0,0,0,0,0,No
Martinez,Sr,P,NMHU,2014,2,1,1,0,0,1,0,0,0,0,0,0,No
Middleton,Sr,OF,NMHU,2014,2,50,46,3,1,0.98,0,0,0,0,0,0,No
Ruff,Sr,INF,NMHU,2014,2,34,8,24,2,0.941,4,10,1,0.909,0,0,No
Siqueiros,Sr,INF,NMHU,2014,2,2,2,0,0,1,0,0,0,0,0,0,No
Stavinoha,Sr,INF,NMHU,2014,2,96,29,56,11,0.885,11,0,0,0,0,0,No
Badalucco,Sr,P, NMHU ,2015,5,18 ,3 ,15 ,0 ,1.000 ,0 ,4 ,5 ,.444 ,0 ,0 ,No
Cervantes,Sr,INF, NMHU ,2015,5,92 ,35 ,49 ,8 ,.913 ,5 ,0 ,0 ,0 ,0 ,0 ,No
Chavez,Sr,INF, NMHU ,2015,5,2 ,0 ,2 ,0 ,1.000 ,0 ,0 ,1 ,.000 ,0 ,0 ,No
Garcia,Sr,INF, NMHU ,2015,5,99 ,30 ,67 ,2 ,.980 ,14 ,0 ,0 ,0 ,0 ,0 ,No
Gonzales,Sr,INF, NMHU ,2015,5,169 ,71 ,92 ,6 ,.964 ,20 ,0 ,0 ,0 ,0 ,0 ,No
Hicks,Sr,P, NMHU ,2015,5,1 ,0 ,1 ,0 ,1.000 ,0 ,0 ,0 ,0 ,0 ,0 ,No
McCasland,Sr,C, NMHU ,2015,5,233 ,199 ,28 ,6 ,.974 ,4 ,24 ,13 ,.649 ,6 ,0 ,No
Ratterman,Sr,OF, NMHU ,2015,5,45 ,39 ,3 ,3 ,.933 ,1 ,0 ,0 ,0 ,0 ,0 ,No
Settles,Sr,P, NMHU ,2015,5,1 ,0 ,1 ,0 ,1.000 ,0 ,3 ,1 ,.750 ,0 ,0 ,No
Sordia,Sr,C, NMHU ,2015,5,16 ,10 ,6 ,0 ,1.000 ,1 ,0 ,0 ,0 ,0 ,0 ,No
Stanton,Sr,C, NMHU ,2015,5,116 ,99 ,17 ,0 ,1.000 ,1 ,8 ,8 ,.500 ,2 ,0 ,No
Wilmer,Sr,OF, NMHU ,2015,5,86 ,79 ,2 ,5 ,.942 ,0 ,0 ,0 ,0 ,0 ,0 ,No
Badalucco,Sr,P, NMHU ,2016,7,8 ,5 ,3 ,0 ,1.000 ,0 ,12 ,3 ,.800 ,0 ,0 ,No
Brandon,Sr,P, NMHU ,2016,7,0 ,0 ,0 ,0 ,.000 ,0 ,0 ,0 ,0 ,0 ,0 ,No
Caporal,Sr,INF, NMHU ,2016,7,238 ,73 ,159 ,6 ,.975 ,30 ,0 ,0 ,0 ,0 ,0 ,No
Gonzalez,Sr,INF, NMHU ,2016,7,104 ,22 ,68 ,14 ,.865 ,5 ,0 ,0 ,0 ,0 ,0 ,No
Gutierrez,Sr,P, NMHU ,2016,7,7 ,1 ,5 ,1 ,.857 ,2 ,3 ,2 ,.600 ,0 ,0 ,No
Bishop,Sr,P, NMHU ,2017,7,0 ,0 ,0 ,0 ,.000 ,0 ,1 ,0 ,1.000 ,0 ,0 ,No
Blackwell,Sr,UT, NMHU ,2017,7,388 ,366 ,12 ,10 ,.974 ,30 ,0 ,0 ,0 ,0 ,0 ,No
Chaparro,Sr,OF, NMHU ,2017,7,23 ,17 ,3 ,3 ,.870 ,1 ,0 ,0 ,0 ,0 ,0 ,No
Garcia,Sr,OF, NMHU ,2017,7,112 ,93 ,14 ,5 ,.955 ,2 ,0 ,0 ,0 ,0 ,0 ,No
Lawson,Sr,P, NMHU ,2017,7,12 ,1 ,9 ,2 ,.833 ,0 ,4 ,0 ,1.000 ,0 ,0 ,No
McCarty,Sr,OF, NMHU ,2017,7,88 ,80 ,2 ,6 ,.932 ,0 ,0 ,0 ,0 ,0 ,0 ,No
Medina,Sr,C, NMHU ,2017,7,58 ,48 ,9 ,1 ,.983 ,0 ,17 ,5 ,.773 ,4 ,0 ,No
Nelson,Sr,P, NMHU ,2017,7,7 ,0 ,7 ,0 ,1.000 ,0 ,1 ,2 ,.333 ,0 ,0 ,No
Norris,Sr,P, NMHU ,2017,7,7 ,0 ,7 ,0 ,1.000 ,0 ,9 ,0 ,1.000 ,0 ,0 ,No
Siedlecki,Sr,P, NMHU ,2017,7,3 ,1 ,2 ,0 ,1.000 ,0 ,3 ,0 ,1.000 ,0 ,0 ,No
Sielinski,Sr,C, NMHU ,2017,7,5 ,3 ,2 ,0 ,1.000 ,0 ,3 ,0 ,1.000 ,0 ,0 ,No
Smithson,Sr,C, NMHU ,2017,7,1 ,1 ,0 ,0 ,1.000 ,0 ,0 ,0 ,0 ,0 ,0 ,No
Trujillo,Sr,P, NMHU ,2017,7,14 ,3 ,8 ,3 ,.786 ,0 ,14 ,4 ,.778 ,0 ,0 ,No
Aronson,Sr,P,RU,2013,4,2,0,2,0,1,0,4,1,0.8,0,0,No
Billinger,Sr,INF,RU,2013,4,190,82,102,6,0.968,22,0,0,0,0,0,No
Capra,Sr,P,RU,2013,4,3,0,2,1,0.667,0,4,4,0.5,0,0,No
Eustice,Sr,OF,RU,2013,4,42,39,2,1,0.976,1,0,0,0,0,0,No
Harms,Sr,P,RU,2013,4,21,4,17,0,1,1,7,7,0.5,0,0,No
Hastings,Sr,INF,RU,2013,4,230,66,150,14,0.939,32,0,0,0,0,0,No
Jacobsen,Sr,C,RU,2013,4,114,99,11,4,0.965,0,7,7,0.5,2,0,No
Lewis,Sr,C,RU,2013,4,6,6,0,0,1,0,0,0,0,1,0,No
Mack,Sr,P,RU,2013,4,4,0,4,0,1,0,1,0,1,0,0,No
Terry,Sr,OF,RU,2013,4,76,71,1,4,0.947,0,0,0,0,0,0,No
Koch,Sr,P,RU,2014,5,2,0,2,0,1,0,1,0,1,0,0,No
Piazza,Sr,INF,RU,2014,5,204,133,64,7,0.966,14,0,0,0,0,0,No
Picconi,Sr,P,RU,2014,5,5,2,2,1,0.8,0,5,3,0.625,0,0,No
Rollinson,Sr,OF,RU,2014,5,0,0,0,0,0,0,0,0,0,0,0,No
Ross,Sr,P,RU,2014,5,5,1,4,0,1,0,2,2,0.5,0,0,No
Schicktanz,Sr,INF,RU,2014,5,260,215,36,9,0.965,14,0,0,0,0,0,No
Shoutta,Sr,OF,RU,2014,5,115,107,7,1,0.991,9,0,0,0,0,0,No
Tosches,Sr,OF,RU,2014,5,29,26,0,3,0.897,0,0,0,0,0,0,No
Blaylock,Sr,P, RU ,2015,7,9 ,2 ,7 ,0 ,1.000 ,0 ,3 ,1 ,.750 ,0 ,0 ,No
Knox,Sr,INF, RU ,2015,7,128 ,29 ,88 ,11 ,.914 ,6 ,0 ,0 ,0 ,0 ,0 ,No
Heyliger,Sr,P, RU ,2015,7,0 ,0 ,0 ,0 ,.000 ,0 ,0 ,0 ,0 ,0 ,0 ,No
Schwein,Sr,P, RU ,2016,6,17 ,3 ,14 ,0 ,1.000 ,1 ,7 ,3 ,.700 ,0 ,0 ,No
Sture,Sr,OF, RU ,2016,6,16 ,15 ,1 ,0 ,1.000 ,0 ,0 ,0 ,0 ,0 ,0 ,No
Waterman,Sr,P, RU ,2016,6,2 ,0 ,2 ,0 ,1.000 ,0 ,0 ,0 ,0 ,0 ,0 ,No
Byers,Sr,OF, RU ,2016,6,46 ,42 ,3 ,1 ,.978 ,0 ,0 ,0 ,0 ,0 ,0 ,No
Navarro,Sr,INF, RU ,2016,6,182 ,165 ,13 ,4 ,.978 ,12 ,0 ,0 ,0 ,0 ,0 ,No
LaComb,Sr,INF, RU ,2016,6,126 ,27 ,91 ,8 ,.937 ,11 ,0 ,0 ,0 ,0 ,0 ,No
McGrady,Sr,INF, RU ,2016,6,26 ,24 ,0 ,2 ,.923 ,0 ,0 ,0 ,0 ,0 ,0 ,No
Long,Sr,P, RU ,2016,6,7 ,1 ,5 ,1 ,.857 ,0 ,0 ,1 ,.000 ,0 ,0 ,No
Benedict,Sr,INF, RU ,2016,6,33 ,7 ,21 ,5 ,.848 ,0 ,0 ,0 ,0 ,0 ,0 ,No
Kennedy,Sr,P, RU ,2016,6,6 ,2 ,3 ,1 ,.833 ,0 ,1 ,1 ,.500 ,0 ,0 ,No
DiPaola,Sr,P, RU ,2017,6,8 ,3 ,4 ,1 ,.875 ,0 ,4 ,1 ,.800 ,0 ,0 ,No
Fabricant,Sr,INF, RU ,2017,6,254 ,112 ,133 ,9 ,.965 ,40 ,0 ,0 ,0 ,0 ,0 ,No
Montano,Sr,P, RU ,2017,6,11 ,5 ,5 ,1 ,.909 ,0 ,4 ,1 ,.800 ,0 ,0 ,No
Newell,Sr,OF, RU ,2017,6,124 ,118 ,3 ,3 ,.976 ,0 ,0 ,0 ,0 ,0 ,0 ,No
Potter,Sr,OF, RU ,2017,6,29 ,29 ,0 ,0 ,1.000 ,0 ,0 ,0 ,0 ,0 ,0 ,No
Thoutt,Sr,P, RU ,2017,6,5 ,3 ,2 ,0 ,1.000 ,0 ,4 ,1 ,.800 ,0 ,0 ,No
Cilladi,Fr,INF, NMHU ,2016,7,152 ,71 ,79 ,2 ,.987 ,20 ,0 ,0 ,0 ,0 ,0 ,Yes
Hesselberg,Jr,INF, CCU ,2016,8,202 ,68 ,124 ,10 ,.950 ,22 ,0 ,0 ,0 ,0 ,0 ,Yes
Carpenter,Jr,P,CMU,2013,1,75,70,5,0,1,0,0,0,0,0,0,Yes
Mitchell,Jr,INF,CMU,2014,1,212,197,13,2,0.991,16,0,0,0,0,0,Yes
Robertson,Jr,INF,CMU,2014,1,308,105,187,16,0.948,42,0,0,0,0,0,Yes
Fife,Jr,OF, CMU ,2015,1,90 ,85 ,3 ,2 ,.978 ,0 ,0 ,0 ,0 ,0 ,0 ,Yes
Reynolds,Jr,INF, CMU ,2016,1,72 ,17 ,53 ,2 ,.972 ,6 ,0 ,0 ,0 ,0 ,0 ,Yes
Hoyt,Jr,OF,CSUP,2013,2,72,60,10,2,0.972,1,0,0,0,0,0,Yes
Mascorro,Jr,INF,CSUP,2014,3,163,47,110,6,0.963,25,0,0,0,0,0,Yes
Bregar,Jr,INF, CSUP ,2015,2,511 ,474 ,36 ,1 ,.998 ,45 ,0 ,0 ,0 ,0 ,0 ,Yes
Baca,Jr,C,MSUD,2014,7,227,193,33,1,0.996,4,39,21,0.65,3,0,Yes
O'Donnell,Jr,INF, MSUD ,2017,3,474 ,453 ,17 ,4 ,.992 ,43 ,1 ,1 ,.500 ,0 ,0 ,Yes
Brault,Jr,P,RU,2013,4,73,56,16,1,0.986,2,6,5,0.545,0,0,Yes
Wallace,R-Jr,INF,CSM,2013,5,227,85,136,6,0.974,24,0,0,0,0,0,Yes
Medina,R-Jr,INF, UCCS ,2017,5,192 ,101 ,86 ,5 ,.974 ,24 ,0 ,0 ,0 ,0 ,0 ,Yes
Madris,R-So,OF, CMU ,2017,1,175 ,168 ,3 ,4 ,.977 ,4 ,0 ,0 ,0 ,0 ,0 ,Yes
Robertson,So,INF,CMU,2013,1,224,60,153,11,0.951,35,0,0,0,0,0,Yes
Serrano,So,C, CMU ,2015,1,172 ,94 ,71 ,7 ,.959 ,13 ,15 ,3 ,.833 ,0 ,1 ,Yes
Olinger,So,UT,CSM,2014,4,124,94,25,5,0.96,5,5,1,0.833,0,0,Yes
Marvel,So,OF, CSM ,2015,6,102 ,96 ,4 ,2 ,.980 ,0 ,0 ,0 ,0 ,0 ,0 ,Yes
Gangwish,So,C, CSM ,2017,2,266 ,225 ,39 ,2 ,.992 ,2 ,18 ,16 ,.529 ,8 ,0 ,Yes
Bregar,So,INF,CSUP,2014,3,427,404,22,1,0.998,39,0,0,0,0,0,Yes
Heflebower,So,INF, RU ,2017,6,239 ,61 ,168 ,10 ,.958 ,35 ,0 ,0 ,0 ,0 ,0 ,Yes
Cicere,So,P, UCCS ,2017,5,15 ,2 ,12 ,1 ,.933 ,0 ,5 ,4 ,.556 ,0 ,0 ,Yes
Garmendia,Sr,INF, ASU ,2017,9,121 ,39 ,78 ,4 ,.967 ,5 ,0 ,0 ,0 ,0 ,0 ,Yes
Kozel,Sr,UT,CMU,2013,1,190,171,17,2,0.989,0,12,4,0.75,3,1,Yes
Kaiser,Sr,OF,CMU,2014,1,136,134,1,1,0.993,0,0,0,0,0,0,Yes
Reno,Sr,P, CMU ,2015,1,26 ,4 ,22 ,0 ,1.000 ,0 ,8 ,1 ,.889 ,0 ,0 ,Yes
Scott,Sr,INF, CMU ,2015,1,244 ,93 ,142 ,9 ,.963 ,36 ,0 ,0 ,0 ,0 ,0 ,Yes
Wallingford,Sr,C, CMU ,2015,1,367 ,321 ,39 ,7 ,.981 ,1 ,30 ,12 ,.714 ,2 ,3 ,Yes
Fife,Sr,OF, CMU ,2016,1,83 ,78 ,3 ,2 ,.976 ,2 ,0 ,0 ,0 ,0 ,0 ,Yes
Young,Sr,OF, CMU ,2016,1,92 ,88 ,3 ,1 ,.989 ,0 ,0 ,0 ,0 ,0 ,0 ,Yes
Gonzalez,Sr,OF, CMU ,2017,1,100 ,95 ,2 ,3 ,.970 ,1 ,0 ,0 ,0 ,0 ,0 ,Yes
Basil,Sr,OF,CSM,2014,4,94,89,5,0,1,1,0,0,0,0,0,Yes
Olinger,Sr,UT, CSM ,2016,2,87 ,72 ,13 ,2 ,.977 ,3 ,2 ,2 ,.500 ,0 ,0 ,Yes
Marvel,Sr,OF, CSM ,2017,2,127 ,125 ,2 ,0 ,1.000 ,0 ,0 ,0 ,0 ,0 ,0 ,Yes
Mascorro,Sr,INF, CSUP ,2015,2,215 ,74 ,128 ,13 ,.940 ,35 ,0 ,0 ,0 ,0 ,0 ,Yes
Wagner,Sr,OF, CSUP ,2015,2,90 ,83 ,4 ,3 ,.967 ,1 ,0 ,0 ,0 ,0 ,0 ,Yes
Bregar,Sr,INF, CSUP ,2016,3,417 ,394 ,20 ,3 ,.993 ,36 ,0 ,0 ,0 ,0 ,0 ,Yes
Almeida,Sr,P,NMHU,2013,3,13,2,11,0,1,0,8,2,0.8,0,0,Yes
Falcon,Sr,INF,NMHU,2013,3,152,60,87,5,0.967,20,0,0,0,0,0,Yes
McMahon,Sr,INF,NMHU,2013,3,185,111,65,9,0.951,3,17,5,0.773,4,0,Yes
Rodriguez,Sr,INF,NMHU,2014,2,134,38,88,8,0.94,7,0,0,0,0,0,Yes
Porras,Sr,OF,RU,2014,5,120,115,4,1,0.992,0,0,0,0,0,0,Yes
Overboe,Sr,C, RU ,2016,6,296 ,274 ,19 ,3 ,.990 ,4 ,18 ,8 ,.692 ,5 ,1 ,Yes
